columna,n,n_nulos,n_categorias,dominante,pct_dominante,top_5,pct_nulos,n_unicos,media,mediana,moda,desv_est,min,max,rango,Q1,Q3,IQR,asimetria_skew,curtosis,CV_pct,n_outliers_iqr,pct_outliers,sin_valores_numericos
Conceptos,49,9,26.0,(nulo),15.52,(nulo)=9 | Adultos=2 | Atención del Parto=2 | Cuna Básico Neonatal=2 | Cuna Intensiva Neonatal=2,,,,,,,,,,,,,,,,,,
Naturaleza,48,10,3.0,Privada,41.38,Privada=24 | Pública=24 | (nulo)=10,,,,,,,,,,,,,,,,,,
Cantidad,44,14,,,,,24.14,41.0,694.0909,87.5,10.0,2422.45,3.0,15270.0,15267.0,24.0,280.0,256.0,5.5019,32.2896,349.0105,6.0,13.64,False
%,49,9,11.0,"0,00%",44.83,"0,00%=26 | 1,00%=10 | (nulo)=9 | 2,00%=4 | 3,00%=3",,,,,,,,,,,,,,,,,,
NOMBRE_EST,300,0,242.0,COLEGIO AGUSTIN FERNANDEZ (IED),1.33,COLEGIO AGUSTIN FERNANDEZ (IED)=4 | COLEGIO NUEVO HORIZONTE (IED)=4 | COLEGIO ENTRE NUBES SUR ORIENTAL (IED)=4 | COLEGIO TECNICO JOSE FELIX RESTREPO (IED)=4 | COLEGIO TOBERIN (IED)=3,,,,,,,,,,,,,,,,,,
NOMBRE_SED,300,0,299.0,VITELMA,0.67,VITELMA=2 | AQUILEO PARRA=1 | SEDE A - AGUSTIN FERNANDEZ=1 | SEDE B - AGUSTIN FERNANDEZ=1 | SEDE C - AGUSTIN FERNANDEZ=1,,,,,,,,,,,,,,,,,,
ORDEN_DE_S,300,0,4.0,A,80.67,A=242 | B=37 | C=17 | D=4,,,,,,,,,,,,,,,,,,
DIRECCION,300,0,296.0,CL 151 # 15 - 70,0.67,CL 151 # 15 - 70=2 | KR 11 # 185 B - 17=2 | KM 4.5 VIA LA CALERA FINCA SAN JOSE=2 | CL 69 A # 9 - 62=2 | KR 18 A # 187 - 67/65=1,,,,,,,,,,,,,,,,,,
BARRIO__GE,299,1,192.0,SAN CRISTOBAL NORTE,3.33,SAN CRISTOBAL NORTE=10 | BARRANCAS NORTE=8 | TIBABITA=5 | LA CALLEJA=5 | LA VICTORIA=5,,,,,,,,,,,,,,,,,,
TELEFONO,300,0,298.0,6682577,0.67,6682577=2 | 3475908=2 | 6714615  --  3043997208=1 | 6710239  --  6718876  --  6791049=1 | 6771239  --  6703224=1,,,,,,,,,,,,,,,,,,
EMAIL,300,0,241.0,coldiagustinfernan1@educacionbogota.edu.co,1.33,coldiagustinfernan1@educacionbogota.edu.co=4 | cednvohorizonte1@educacionbogota.edu.co=4 | cedanibalfernande4@educacionbogota.edu.co=4 | coldijosefelixrest4@educacionbogota.edu.co=4 | cedtoberin1@educacionbogota.edu.co=3,,,,,,,,,,,,,,,,,,
WEB,181,119,159.0,(nulo),39.67,(nulo)=119 | http://rectoriagustinfernandez.blogspot.com/=4 | https://www.redacademica.edu.co/colegios/colegio-nuevo-horizonte-ied=4 | www.redacademica.edu.co/colegios/colegio-jose-felix-restrepo-ied=4 | https://www.redacademica.edu.co/colegios/colegio-divino-maestro-ied=3,,,,,,,,,,,,,,,,,,
ENFASIS_PA,20,280,18.0,(nulo),93.33,(nulo)=280 | BACHILLERATO INTERNACIONAL=2 | ARTE Y LENGUAS EXTRANJERAS=2 | CONTABILIDAD Y FINANZAS=2 | CIENCIAS NATURALES - CIENCIAS SOCIALES - ARTE O LENGUAS EXTRANJERAS=1,,,,,,,,,,,,,,,,,,
DISCAPACID,214,86,78.0,(nulo),28.67,(nulo)=86 | -INTELECTUAL-=28 | INTELECTUAL=14 | AUDITIVA-FISICA-INTELECTUAL-MENTAL/PSICOSOCIAL-MULTIPLE=12 | AUDITIVA-FISICA-INTELECTUAL-MULTIPLE=8,,,,,,,,,,,,,,,,,,
TALENTOS_O,138,162,56.0,(nulo),54.0,"(nulo)=162 | TALENTO EXCEPCIONAL EN ACTIVIDAD FISICA, EJERCICIO Y DEPORTE=14 | TALENTO EXCEPCIONAL EN ACTIVIDAD FISICA, EJERCICIO Y DEPORTE-TALENTO EXCEPCIONAL EN ARTES Y LETRAS=10 | -TALENTO EXCEPCIONAL EN ACTIVIDAD FISICA, EJERCICIO Y DEPORTE-=9 | CAPACIDADES EXCEPCIONALES-=8",,,,,,,,,,,,,,,,,,
GRUPOS_ETN,169,131,15.0,(nulo),43.67,(nulo)=131 | AFRODESCENDIENTES-INDIGENAS-NEGRITUDES=45 | INDIGENAS=41 | AFRODESCENDIENTES-INDIGENAS=19 | INDIGENAS-NEGRITUDES=19,,,,,,,,,,,,,,,,,,
REGIMEN_Y,179,121,4.0,LIBERTAD REGULADA,44.67,LIBERTAD REGULADA=134 | (nulo)=121 | LIBERTAD VIGILADA=42 | REGIMEN CONTROLADO=3,,,,,,,,,,,,,,,,,,
SECTOR,300,0,,,,,0.0,2.0,1.3933,1.0,1.0,0.4893,1.0,2.0,1.0,1.0,2.0,1.0,0.4389,-1.8195,35.1177,0.0,0.0,False
NATU_JUR,300,0,,,,,0.0,12.0,11.4833,9.0,9.0,3.79,1.0,18.0,17.0,9.0,15.0,6.0,0.0633,-0.4465,33.0045,0.0,0.0,False
ESTADO,300,0,,,,,0.0,2.0,1.0167,1.0,1.0,0.1282,1.0,2.0,1.0,1.0,1.0,0.0,7.589,55.9653,12.6131,5.0,1.67,False
CALENDARIO,300,0,,,,,0.0,4.0,1.2133,1.0,1.0,0.69,1.0,5.0,4.0,1.0,1.0,0.0,3.5053,12.7579,56.8667,30.0,10.0,False
GENERO,300,0,,,,,0.0,3.0,4.8133,5.0,5.0,0.8128,1.0,5.0,4.0,5.0,5.0,0.0,-4.3098,17.1461,16.887,16.0,5.33,False
COD_LOCA,300,0,4.0,01,43.33,01=130 | 04=115 | 03=29 | 02=26,,,,,,,,,,,,,,,,,,
CARACTER_P,300,0,,,,,0.0,4.0,2.2,1.0,1.0,1.4446,1.0,4.0,3.0,1.0,4.0,3.0,0.4101,-1.8081,65.665,0.0,0.0,False
ESPECIALID,300,0,,,,,0.0,7.0,4.14,1.0,1.0,5.1726,1.0,14.0,13.0,1.0,7.5,6.5,1.0981,-0.7387,124.9431,0.0,0.0,False
ESTRATO,300,0,8.0,2,36.33,2=109 | 3=81 | 7=33 | 4=33 | 1=14,,,,,,,,,,,,,,,,,,
CLASE_TIPO,300,0,,,,,0.0,5.0,2.86,4.0,4.0,1.4813,1.0,6.0,5.0,1.0,4.0,3.0,-0.3849,-1.6495,51.7953,0.0,0.0,False
BILINGUE,300,0,,,,,0.0,5.0,4.8867,5.0,5.0,0.543,1.0,5.0,4.0,5.0,5.0,0.0,-5.6287,33.242,11.111,17.0,5.67,False
FECHA,300,0,1.0,2025-12-31,100.0,2025-12-31=300,,,,,,,,,,,,,,,,,,
DANE12_EST,300,0,242.0,111001029955,1.33,111001029955=4 | 111001086681=4 | 111001020443=4 | 111001035530=4 | 111001046957=3,,,,,,,,,,,,,,,,,,
DANE12_SED,300,0,300.0,111001000132,0.33,111001000132=1 | 111001029955=1 | 111848000244=1 | 111848003456=1 | 111001800920=1,,,,,,,,,,,,,,,,,,
ZONA,300,0,,,,,0.0,2.0,1.04,1.0,1.0,0.1963,1.0,2.0,1.0,1.0,1.0,0.0,4.7185,20.4,18.8737,12.0,4.0,False
NOM_UPL,300,0,,,,,0.0,8.0,21.56,23.0,21.0,6.129,5.0,26.0,21.0,21.0,26.0,5.0,-1.9773,2.7312,28.4278,34.0,11.33,False
NOMBRE_UPZ,300,0,,,,,0.0,26.0,63.1933,33.0,11.0,158.3785,1.0,1002.0,1001.0,12.0,51.0,39.0,5.5926,30.659,250.6254,8.0,2.67,False
latitud,13,0,,,,,0.0,13.0,4.6204,4.6121,4.5691,0.0334,4.5691,4.6803,0.1112,4.6022,4.6318,0.0297,0.7382,-0.2545,0.7219,1.0,7.69,False
longitud,13,0,,,,,0.0,13.0,-74.0807,-74.0798,-74.1255,0.0175,-74.1255,-74.0583,0.0672,-74.0847,-74.0708,0.0139,-1.3721,2.8322,-0.0236,1.0,7.69,False
objectid,13,0,,,,,0.0,13.0,7.0,7.0,1.0,3.8944,1.0,13.0,12.0,4.0,10.0,6.0,0.0,-1.2,55.6349,0.0,0.0,False
id_conexio,13,0,13.0,CN001,7.69,CN001=1 | CN002=1 | CN003=1 | CN004=1 | CN005=1,,,,,,,,,,,,,,,,,,
conexion,13,0,13.0,Carrera 10 - Eje Ambiental,7.69,Carrera 10 - Eje Ambiental=1 | Caracas Centro - Americas=1 | Tunal - Caracas Sur=1 | Calle 26 - NQS Central=1 | Calle 80 - NQS Central - Suba=1,,,,,,,,,,,,,,,,,,
esta_oper,13,0,,,,,0.0,1.0,1.0,1.0,1.0,0.0,1.0,1.0,0.0,1.0,1.0,0.0,0.0,0.0,0.0,0.0,0.0,False
tip_conex,13,0,,,,,0.0,4.0,1.8462,1.0,1.0,1.1435,1.0,4.0,3.0,1.0,2.0,1.0,1.1387,-0.0245,61.942,2.0,15.38,False
eta_oper,13,0,,,,,0.0,1.0,1.0,1.0,1.0,0.0,1.0,1.0,0.0,1.0,1.0,0.0,0.0,0.0,0.0,0.0,0.0,False
globalid,13,0,13.0,{2357067B-5E7D-452A-B5C6-1BDAE137FD93},7.69,{2357067B-5E7D-452A-B5C6-1BDAE137FD93}=1 | {DEBE4BF8-6EAA-4E5F-B6A8-C3E57085363A}=1 | {61C06661-2820-4F73-B965-EF9744267869}=1 | {78FFE5E6-2F9A-4BDA-A936-FF261010A6F0}=1 | {430B72F8-81F2-476B-AA4D-F74987C4181D}=1,,,,,,,,,,,,,,,,,,
created_user,0,13,1.0,(nulo),100.0,(nulo)=13,,,,,,,,,,,,,,,,,,
created_date,0,13,1.0,(nulo),100.0,(nulo)=13,,,,,,,,,,,,,,,,,,
last_edited_user,0,13,1.0,(nulo),100.0,(nulo)=13,,,,,,,,,,,,,,,,,,
last_edited_date,0,13,1.0,(nulo),100.0,(nulo)=13,,,,,,,,,,,,,,,,,,
ANO,131502,0,,,,,0.0,31.0,2020.0,2020.0,2005.0,8.9443,2005.0,2035.0,30.0,2012.0,2028.0,16.0,0.0,-1.2025,0.4428,0.0,0.0,False
CODIGO_LOCALIDAD,131502,0,,,,,0.0,21.0,10.0,10.0,0.0,6.0553,0.0,20.0,20.0,5.0,15.0,10.0,0.0,-1.2055,60.5532,0.0,0.0,False
NOMBRE_LOCALIDAD,131502,0,21.0,Bogotá,4.76,Bogotá=6262 | Usaquén=6262 | Chapinero=6262 | Santa Fe=6262 | San Cristóbal=6262,,,,,,,,,,,,,,,,,,
SEXO,131502,0,2.0,Hombres,50.0,Hombres=65751 | Mujeres=65751,,,,,,,,,,,,,,,,,,
EDAD,131502,0,,,,,0.0,101.0,50.0,50.0,0.0,29.1549,0.0,100.0,100.0,25.0,75.0,50.0,0.0,-1.2002,58.3097,0.0,0.0,False
CURSODEVIDA,131502,0,6.0,Vejez,40.59,Vejez=53382 | Adultez=40362 | Juventud=14322 | Infancia=7812 | Primera Infancia=7812,,,,,,,,,,,,,,,,,,
GRUPOEDAD,131502,0,5.0,60 o más,40.59,60 o más=53382 | 29 a 59=40362 | 00 a 11=15624 | 18 a 28=14322 | 12 a 17=7812,,,,,,,,,,,,,,,,,,
POBLACION,131502,0,,,,,0.0,14682.0,3547.4036,967.0,1.0,9380.3046,0.0,79199.0,79199.0,248.0,3079.0,2831.0,5.2121,28.3948,264.4273,10327.0,7.85,False
ANO,175956,0,,,,,0.0,31.0,2020.0,2020.0,2005.0,8.9443,2005.0,2035.0,30.0,2012.0,2028.0,16.0,0.0,-1.2025,0.4428,0.0,0.0,False
CODIGO_UPL,175956,0,,,,,0.0,33.0,17.0,17.0,1.0,9.5219,1.0,33.0,32.0,9.0,25.0,16.0,0.0,-1.2022,56.0114,0.0,0.0,False
NOMBRE_UPL,175956,0,33.0,Sumapáz,3.03,Sumapáz=5332 | Cuenca del Tunjuelo=5332 | Arborizadora=5332 | Lucero=5332 | Usme - Entrenubes=5332,,,,,,,,,,,,,,,,,,
SEXO,175956,0,2.0,Hombres,50.0,Hombres=87978 | Mujeres=87978,,,,,,,,,,,,,,,,,,
EDAD,175956,0,,,,,0.0,86.0,42.5,42.5,0.0,24.8245,0.0,85.0,85.0,21.0,64.0,43.0,0.0,-1.2003,58.4105,0.0,0.0,False
ORDEN_MCV,175956,0,,,,,0.0,6.0,4.5465,5.0,5.0,1.4993,1.0,6.0,5.0,4.0,6.0,2.0,-1.0626,0.1164,32.9766,0.0,0.0,False
CURSODEVIDA,175956,0,6.0,Adultez,36.05,Adultez=63426 | Vejez=53196 | Juventud=22506 | Primera Infancia=12276 | Infancia=12276,,,,,,,,,,,,,,,,,,
ORDEN_GRUPO_EDAD,175956,0,,,,,0.0,18.0,9.1047,9.0,1.0,4.9651,1.0,18.0,17.0,5.0,13.0,8.0,0.006,-1.1992,54.5334,0.0,0.0,False
GRUPOEDAD,175956,0,18.0,0 a 4,5.81,0 a 4=10230 | 5 a 9=10230 | 10 a 14=10230 | 15 a 19=10230 | 20 a 24=10230,,,,,,,,,,,,,,,,,,
POBLACION,175956,0,,,,,0.0,4408.0,1325.589,1265.0,22.0,919.7843,0.0,6077.0,6077.0,576.0,1948.0,1372.0,0.4992,-0.2683,69.3868,866.0,0.49,False
OBJECTID,16,0,,,,,0.0,16.0,8.5,8.5,1.0,4.761,1.0,16.0,15.0,4.75,12.25,7.5,0.0,-1.2,56.0112,0.0,0.0,False
RefName,16,0,16.0,Portal de las Américas-02,6.25,Portal de las Américas-02=1 | Carrera 80-03=1 | Calle 42 Sur-04=1 | Kennedy-05=1 | Av Boyaca-06=1,,,,,,,,,,,,,,,,,,
NUMERO,16,0,16.0,02,6.25,02=1 | 03=1 | 04=1 | 05=1 | 06=1,,,,,,,,,,,,,,,,,,
NOMBRE,16,0,16.0,E02,6.25,E02=1 | E03=1 | E04=1 | E05=1 | E06=1,,,,,,,,,,,,,,,,,,
Shape_Leng,16,0,,,,,0.0,16.0,334.0874,334.4,320.3998,11.5275,320.3998,356.2003,35.8005,323.3999,344.1986,20.7988,0.2809,-0.9702,3.4504,0.0,0.0,False
Shape_Area,16,0,,,,,0.0,16.0,2808.0636,2580.0043,2203.9891,601.8685,2203.9891,4215.0112,2011.0221,2421.501,3314.9833,893.4823,1.0296,0.3365,21.4336,0.0,0.0,False
TIPO,16,0,1.0,No Definida,100.0,No Definida=16,,,,,,,,,,,,,,,,,,
OBJECTID,11,0,,,,,0.0,11.0,6.0,6.0,1.0,3.3166,1.0,11.0,10.0,3.5,8.5,5.0,0.0,-1.2,55.2771,0.0,0.0,False
NUMERO,11,0,11.0,01,9.09,01=1 | 02=1 | 03=1 | 04=1 | 05=1,,,,,,,,,,,,,,,,,,
NOMBRE,11,0,11.0,ESTACIÓN 1,9.09,ESTACIÓN 1=1 | ESTACIÓN 2=1 | ESTACIÓN 3=1 | ESTACIÓN 4=1 | ESTACIÓN 5=1,,,,,,,,,,,,,,,,,,
TIPO,11,0,1.0,No Definida,100.0,No Definida=11,,,,,,,,,,,,,,,,,,
SHAPE_Length,11,0,,,,,0.0,11.0,0.0034,0.0034,0.0034,0.0,0.0034,0.0034,0.0,0.0034,0.0034,0.0,-1.1902,4.6796,0.1726,2.0,18.18,False
SHAPE_Area,11,0,,,,,0.0,11.0,0.0,0.0,0.0,0.0,0.0,0.0,0.0,0.0,0.0,0.0,-1.8223,6.6496,1.2766,2.0,18.18,False
objectid,153,0,,,,,0.0,153.0,77.0196,77.0,1.0,44.345,1.0,154.0,153.0,39.0,115.0,76.0,0.0026,-1.1965,57.5763,0.0,0.0,False
numero_estacion,153,0,153.0,10000,0.65,10000=1 | 03000=1 | 06000=1 | 04000=1 | 05000=1,,,,,,,,,,,,,,,,,,
nombre_estacion,153,0,152.0,Temporal AV. Jiménez - Inter Eléctricas,1.31,Temporal AV. Jiménez - Inter Eléctricas=2 | Portal 20 de Julio=1 | Portal Suba=1 | Portal El Dorado – C.C. NUESTRO BOGOTÁ=1 | Portal 80=1,,,,,,,,,,,,,,,,,,
coordenada_x_estacion,153,0,,,,,0.0,153.0,997850.1223,998750.933,985736.3314,4082.7328,985736.3314,1003765.0206,18028.6892,995908.7432,1000706.4471,4797.7039,-1.1476,1.0033,0.4092,8.0,5.23,False
coordenada_y_estacion,153,0,,,,,0.0,153.0,1004820.3865,1003703.0582,992869.2056,5795.5516,992869.2056,1019088.4638,26219.2582,1000129.4773,1009046.2255,8916.7482,0.4887,-0.5982,0.5768,0.0,0.0,False
ubicacion_estacion,153,0,152.0,KR 4,1.31,KR 4=2 | Kra 5 a Cl 33 Sur=1 | Av Suba Av C. Cali=1 | KR 87=1 | KR 96=1,,,,,,,,,,,,,,,,,,
troncal_estacion,153,0,13.0,Caracas,18.3,Caracas=28 | NQS=23 | Americas=18 | Autonorte=17 | Suba=14,,,,,,,,,,,,,,,,,,
numero_vagones_estacion,153,0,,,,,0.0,5.0,2.1961,2.0,2.0,0.7169,1.0,5.0,4.0,2.0,3.0,1.0,0.7761,1.5031,32.6441,1.0,0.65,False
numero_accesos_estacion,153,0,,,,,0.0,3.0,1.3333,1.0,1.0,0.5849,0.0,2.0,2.0,1.0,2.0,1.0,-0.2221,-0.6431,43.8673,0.0,0.0,False
biciestacion_estacion,153,0,2.0,0,89.54,0=137 | 1=16,,,,,,,,,,,,,,,,,,
capacidad_biciestacion_estacion,153,0,,,,,0.0,14.0,24.5621,0.0,0.0,103.3474,0.0,785.0,785.0,0.0,0.0,0.0,5.4007,31.5422,420.7597,16.0,10.46,False
tipo_estacion,153,0,,,,,0.0,4.0,3.6536,4.0,4.0,0.8454,1.0,4.0,3.0,4.0,4.0,0.0,-2.3138,3.9593,23.1395,25.0,16.34,False
biciparqueadero_estacion,153,0,,,,,0.0,2.0,0.1046,0.0,0.0,0.307,0.0,1.0,1.0,0.0,0.0,0.0,2.6101,4.8761,293.5785,16.0,10.46,False
latitud_estacion,153,0,,,,,0.0,153.0,4.6398,4.6297,4.5317,0.0524,4.5317,4.7688,0.2371,4.5974,4.678,0.0806,0.4886,-0.5982,1.1296,0.0,0.0,False
longitud_estacion,153,0,,,,,0.0,153.0,-74.0969,-74.0888,-74.2061,0.0368,-74.2061,-74.0436,0.1625,-74.1144,-74.0711,0.0432,-1.1475,1.0031,-0.0497,8.0,5.23,False
codigo_nodo_estacion,153,0,,,,,0.0,153.0,6706.6732,7005.0,2000.0,3060.6315,2000.0,14005.0,12005.0,4103.0,9107.0,5004.0,0.2715,-0.5675,45.6356,0.0,0.0,False
componente_wifi,109,44,5.0,Valor SI al campo,60.78,Valor SI al campo=93 | (nulo)=44 | Valor NO al campo=9 | PENDIENTE=4 | NO=3,,,,,,,,,,,,,,,,,,
componente_aplificacion,20,133,4.0,(nulo),86.93,(nulo)=133 | Valor SI al campo=12 | Valor NO al campo=5 | NO=3,,,,,,,,,,,,,,,,,,
globalid,153,0,153.0,{B78C011F-6DE5-44A3-A7CA-3A399CB5B6C2},0.65,{B78C011F-6DE5-44A3-A7CA-3A399CB5B6C2}=1 | {BD590104-0BBB-459F-B755-35AB19174FA0}=1 | {C0133415-310E-46CF-B5A9-666EA6E61807}=1 | {C034C342-CDED-440B-8018-ACD556FFB217}=1 | {42C4A5F7-4BB2-43F1-9F34-3DD9E16D232C}=1,,,,,,,,,,,,,,,,,,
created_user,4,149,3.0,(nulo),97.39,(nulo)=149 | EESTACION=3 | editorTroncal=1,,,,,,,,,,,,,,,,,,
created_date,4,149,,,,,97.39,4.0,1764802872500.0,1776269297500.0,1730402938000.0,22933289670.1394,1730402938000.0,1776269957000.0,45867019000.0,1764802477750.0,1776269692250.0,11467214500.0,-2.0,4.0,1.2995,1.0,25.0,False
last_edited_user,153,0,2.0,editorTroncal,97.39,editorTroncal=149 | EESTACION=4,,,,,,,,,,,,,,,,,,
last_edited_date,153,0,,,,,0.0,82.0,1729544626562.0916,1722866256000.0,1779981168000.0,16037092124.9182,1722866215000.0,1779981168000.0,57114953000.0,1722866234000.0,1722866276000.0,42000.0,2.2951,3.8532,0.9272,27.0,17.65,False
log_replica,0,153,1.0,(nulo),100.0,(nulo)=153,,,,,,,,,,,,,,,,,,
id_trazado_troncal,153,0,17.0,TZ009,11.11,TZ009=17 | TZ002=17 | TZ003=14 | TZ016=14 | TZ001=14,,,,,,,,,,,,,,,,,,
OBJECTID,104550,0,,,,,0.0,104550.0,52275.5,52275.5,1.0,30181.1297,1.0,104550.0,104549.0,26138.25,78412.75,52274.5,0.0,-1.2,57.7348,0.0,0.0,False
ESTADO_SUPERFICIAL,104550,0,,,,,0.0,9.0,2.17,2.0,2.0,1.4058,1.0,13.0,12.0,1.0,2.0,1.0,2.1575,4.6134,64.7834,11590.0,11.09,False
FECHA_ESTADO,104550,0,1.0,2025/12/31 00:00:00,100.0,2025/12/31 00:00:00=104550,,,,,,,,,,,,,,,,,,
CalCodigo,104550,0,,,,,0.0,104550.0,16536888.8719,359605.5,8501.0,34130434.2905,8501.0,92088248.0,92079747.0,173848.25,530143.5,356295.25,1.6988,0.9359,206.3897,21113.0,20.19,False
zona,10518,0,37.0,Usaquén,10.63,Usaquén=1118 | Bosa=1115 | Kennedy=759 | Engativá=676 | Ciudad Bolívar=578,,,,,,,,,,,,,,,,,,
fase,10518,0,5.0,Fase III,52.66,Fase III=5539 | Fase V=1829 | FASE III=1457 | FASE IV=1440 | FASE V=253,,,,,,,,,,,,,,,,,,
componente,10518,0,3.0,Zonal,70.05,Zonal=7368 | TRONCAL=2202 | ALIMENTACIÓN=948,,,,,,,,,,,,,,,,,,
estatus_vinculacion,10518,0,2.0,Referente,94.53,Referente=9943 | Reserva=575,,,,,,,,,,,,,,,,,,
combustible,10518,0,6.0,DIESEL,62.3,DIESEL=6553 | GNV=2143 | ELECTRICO=1129 | ELÉCTRICO=357 | HIBRIDO (DIESEL - ELÉCTRICO)=280,,,,,,,,,,,,,,,,,,
modelo,10518,0,,,,,0.0,16.0,2017.278,2016.0,2014.0,3.6988,2007.0,2023.0,16.0,2014.0,2021.0,7.0,-0.0621,-1.4307,0.1834,0.0,0.0,False
codigo_bus,10518,0,10518.0,E001,0.01,E001=1 | E002=1 | E003=1 | E004=1 | E041=1,,,,,,,,,,,,,,,,,,
fecha_vinculacion,10518,0,1052.0,5/06/2019,3.18,5/06/2019=334 | 9/08/2022=229 | 8/09/2022=186 | 14/09/2019=185 | 29/12/2020=158,,,,,,,,,,,,,,,,,,
accesible,10518,0,4.0,CON ELEVADOR,42.41,CON ELEVADOR=4461 | NO ACCESIBLE=3108 | PLATAFORMA ALTA=1929 | ENTRADA BAJA=1020,,,,,,,,,,,,,,,,,,
edad,10202,316,,,,,3.0,13.0,6.2439,5.0,10.0,3.4607,0.0,12.0,12.0,3.0,10.0,7.0,0.1645,-1.5844,55.4254,0.0,0.0,False
matricula,10518,0,10518.0,TGW242,0.01,TGW242=1 | TGW243=1 | TGW244=1 | TGW246=1 | TGW247=1,,,,,,,,,,,,,,,,,,
descripcion_estado_vinculacion,10518,0,1.0,Vinculado,100.0,Vinculado=10518,,,,,,,,,,,,,,,,,,
descripcion_nivel_emision,10518,0,8.0,EURO V,39.67,EURO V=4173 | EURO VI=2381 | CERO EMISIONES=1486 | EURO IV=1071 | EURO V-CON FILTRO=700,,,,,,,,,,,,,,,,,,
descripcion_tipo,10518,0,8.0,BUS (50),33.0,BUS (50)=3471 | BUS (80)=3291 | BIARTICULADO=1319 | ALIMENTADOR (80)=862 | ARTICULADO=610,,,,,,,,,,,,,,,,,,
agency_id,7,0,,,,,0.0,7.0,4.0,4.0,1.0,2.1602,1.0,7.0,6.0,2.5,5.5,3.0,0.0,-1.2,54.0062,0.0,0.0,False
agency_name,7,0,7.0,Transmilenio-Troncal,14.29,Transmilenio-Troncal=1 | Transmilenio-Alimentadores=1 | Transmilenio-Dual=1 | Zonal-Urbano=1 | Zonal-Complementario=1,,,,,,,,,,,,,,,,,,
agency_url,7,0,5.0,http://www.sitp.gov.co,42.86,http://www.sitp.gov.co=3 | https://www.sitp.gov.co/publicaciones/40083/urbano/=1 | https://www.sitp.gov.co/publicaciones/40085/complementario/=1 | https://www.sitp.gov.co/publicaciones/40087/especial/=1 | https://www.transmilenio.gov.co/TransMiCable/=1,,,,,,,,,,,,,,,,,,
agency_timezone,7,0,1.0,America/Bogota,100.0,America/Bogota=7,,,,,,,,,,,,,,,,,,
agency_lang,7,0,1.0,es,100.0,es=7,,,,,,,,,,,,,,,,,,
agency_phone,7,0,,,,,0.0,1.0,18000115510.0,18000115510.0,18000115510.0,0.0,18000115510.0,18000115510.0,0.0,18000115510.0,18000115510.0,0.0,0.0,0.0,0.0,0.0,0.0,False
agency_fare_url,7,0,1.0,https://www.sitp.gov.co/publicaciones/40710/tarifas/,100.0,https://www.sitp.gov.co/publicaciones/40710/tarifas/=7,,,,,,,,,,,,,,,,,,
service_id,7,0,,,,,0.0,7.0,4.0,4.0,1.0,2.1602,1.0,7.0,6.0,2.5,5.5,3.0,0.0,-1.2,54.0062,0.0,0.0,False
monday,7,0,,,,,0.0,2.0,0.5714,1.0,1.0,0.5345,0.0,1.0,1.0,0.0,1.0,1.0,-0.3742,-2.8,93.5414,0.0,0.0,False
tuesday,7,0,,,,,0.0,2.0,0.5714,1.0,1.0,0.5345,0.0,1.0,1.0,0.0,1.0,1.0,-0.3742,-2.8,93.5414,0.0,0.0,False
wednesday,7,0,,,,,0.0,2.0,0.5714,1.0,1.0,0.5345,0.0,1.0,1.0,0.0,1.0,1.0,-0.3742,-2.8,93.5414,0.0,0.0,False
thursday,7,0,,,,,0.0,2.0,0.5714,1.0,1.0,0.5345,0.0,1.0,1.0,0.0,1.0,1.0,-0.3742,-2.8,93.5414,0.0,0.0,False
friday,7,0,,,,,0.0,2.0,0.5714,1.0,1.0,0.5345,0.0,1.0,1.0,0.0,1.0,1.0,-0.3742,-2.8,93.5414,0.0,0.0,False
saturday,7,0,,,,,0.0,2.0,0.5714,1.0,1.0,0.5345,0.0,1.0,1.0,0.0,1.0,1.0,-0.3742,-2.8,93.5414,0.0,0.0,False
sunday,7,0,,,,,0.0,2.0,0.5714,1.0,1.0,0.5345,0.0,1.0,1.0,0.0,1.0,1.0,-0.3742,-2.8,93.5414,0.0,0.0,False
start_date,7,0,,,,,0.0,1.0,20260101.0,20260101.0,20260101.0,0.0,20260101.0,20260101.0,0.0,20260101.0,20260101.0,0.0,0.0,0.0,0.0,0.0,0.0,False
end_date,7,0,,,,,0.0,1.0,20261231.0,20261231.0,20261231.0,0.0,20261231.0,20261231.0,0.0,20261231.0,20261231.0,0.0,0.0,0.0,0.0,0.0,0.0,False
service_id,126,0,,,,,0.0,7.0,4.0,4.0,1.0,2.008,1.0,7.0,6.0,2.0,6.0,4.0,0.0,-1.2519,50.1996,0.0,0.0,False
date,126,0,,,,,0.0,18.0,20260678.8333,20260622.0,20260101.0,342.9538,20260101.0,20261225.0,1124.0,20260403.0,20261012.0,609.0,0.0556,-0.9793,0.0017,0.0,0.0,False
exception_type,126,0,,,,,0.0,2.0,1.8571,2.0,2.0,0.3513,1.0,2.0,1.0,2.0,2.0,0.0,-2.0659,2.3043,18.9174,18.0,14.29,False
fare_id,1,0,,,,,0.0,1.0,7.0,7.0,7.0,,7.0,7.0,0.0,7.0,7.0,0.0,,,,0.0,0.0,False
price,1,0,,,,,0.0,1.0,3550.0,3550.0,3550.0,,3550.0,3550.0,0.0,3550.0,3550.0,0.0,,,,0.0,0.0,False
currency_type,1,0,1.0,COP,100.0,COP=1,,,,,,,,,,,,,,,,,,
payment_method,1,0,,,,,0.0,1.0,0.0,0.0,0.0,,0.0,0.0,0.0,0.0,0.0,0.0,,,,0.0,0.0,False
transfers,0,1,1.0,(nulo),100.0,(nulo)=1,,,,,,,,,,,,,,,,,,
agency_id,1,0,,,,,0.0,1.0,7.0,7.0,7.0,,7.0,7.0,0.0,7.0,7.0,0.0,,,,0.0,0.0,False
transfer_duration,1,0,,,,,0.0,1.0,7500.0,7500.0,7500.0,,7500.0,7500.0,0.0,7500.0,7500.0,0.0,,,,0.0,0.0,False
feed_publisher_name,1,0,1.0,Transmilenio S.A.,100.0,Transmilenio S.A.=1,,,,,,,,,,,,,,,,,,
feed_start_date,1,0,,,,,0.0,1.0,20260101.0,20260101.0,20260101.0,,20260101.0,20260101.0,0.0,20260101.0,20260101.0,0.0,,,,0.0,0.0,False
feed_version,1,0,,,,,0.0,1.0,1.0,1.0,1.0,,1.0,1.0,0.0,1.0,1.0,0.0,,,,0.0,0.0,False
feed_end_date,1,0,,,,,0.0,1.0,20261231.0,20261231.0,20261231.0,,20261231.0,20261231.0,0.0,20261231.0,20261231.0,0.0,,,,0.0,0.0,False
feed_lang,1,0,1.0,es,100.0,es=1,,,,,,,,,,,,,,,,,,
feed_publisher_url,1,0,1.0,https://www.transmilenio.gov.co/,100.0,https://www.transmilenio.gov.co/=1,,,,,,,,,,,,,,,,,,
feed_contact_email,1,0,1.0,radicacion@transmilenio.gov.co,100.0,radicacion@transmilenio.gov.co=1,,,,,,,,,,,,,,,,,,
trip_id,14,0,14.0,cable_habil_2,7.14,cable_habil_2=1 | cable_habil_4=1 | cable_habil_6=1 | cable_sabado_2=1 | cable_sabado_4=1,,,,,,,,,,,,,,,,,,
start_time,14,0,11.0,22:00:00,14.29,22:00:00=2 | 05:30:00=2 | 04:30:00=2 | 05:15:00=1 | 18:00:00=1,,,,,,,,,,,,,,,,,,
end_time,14,0,12.0,22:15:00,14.29,22:15:00=2 | 22:00:00=2 | 07:15:00=1 | 20:00:00=1 | 07:30:00=1,,,,,,,,,,,,,,,,,,
headway_secs,14,0,,,,,0.0,2.0,13.0,13.0,10.0,3.1132,10.0,16.0,6.0,10.0,16.0,6.0,0.0,-2.3636,23.9481,0.0,0.0,False
agency_id,1000,0,,,,,0.0,6.0,2.65,3.0,3.0,0.7239,1.0,6.0,5.0,2.0,3.0,1.0,-0.8341,2.0393,27.3168,7.0,0.7,False
route_color,1000,0,3.0,0000ff,73.0,0000ff=730 | 00ff00=161 | ff0000=109,,,,,,,,,,,,,,,,,,
route_id,1000,0,,,,,0.0,1000.0,11804.205,12087.5,10004.0,912.4085,10004.0,13025.0,3021.0,10916.75,12646.5,1729.75,-0.3348,-1.3848,7.7295,0.0,0.0,False
route_long_name,1000,0,734.0,Portal Américas,1.5,Portal Américas=15 | Portal Sur=14 | Portal Usme=12 | Portal Eldorado=10 | Metrovivienda=10,,,,,,,,,,,,,,,,,,
route_short_name,1000,0,641.0,7,0.8,7=8 | 9-3=6 | T163=6 | C201=6 | 6-5=5,,,,,,,,,,,,,,,,,,
route_text_color,1000,0,1.0,ffffff,100.0,ffffff=1000,,,,,,,,,,,,,,,,,,
route_type,1000,0,,,,,0.0,1.0,3.0,3.0,3.0,0.0,3.0,3.0,0.0,3.0,3.0,0.0,0.0,0.0,0.0,0.0,0.0,False
shape_id,1000,0,,,,,0.0,3.0,10004.519,10004.0,10004.0,0.6724,10004.0,10006.0,2.0,10004.0,10005.0,1.0,0.9305,-0.3233,0.0067,0.0,0.0,False
shape_pt_lat,1000,0,,,,,0.0,652.0,4.529,4.5113,4.4995,0.0457,4.4967,4.6728,0.1761,4.5085,4.5263,0.0178,2.4745,4.5202,1.0096,101.0,10.1,False
shape_pt_lon,1000,0,,,,,0.0,652.0,-74.1101,-74.1127,-74.1184,0.0071,-74.1198,-74.0999,0.0199,-74.1172,-74.1022,0.015,0.2039,-1.6632,-0.0096,0.0,0.0,False
shape_pt_sequence,1000,0,,,,,0.0,582.0,225.207,200.0,1.0,161.8861,1.0,582.0,581.0,84.0,332.25,248.25,0.5293,-0.8041,71.8833,0.0,0.0,False
arrival_time,1000,0,988.0,16:32:17,0.2,16:32:17=2 | 14:36:20=2 | 09:22:58=2 | 10:22:47=2 | 11:05:31=2,,,,,,,,,,,,,,,,,,
departure_time,1000,0,988.0,16:32:17,0.2,16:32:17=2 | 14:36:20=2 | 09:22:58=2 | 10:22:47=2 | 11:05:31=2,,,,,,,,,,,,,,,,,,
stop_headsign,1000,0,2.0,T11,92.6,T11=926 | 6-9=74,,,,,,,,,,,,,,,,,,
stop_id,1000,0,,,,,0.0,253.0,54978.974,56036.0,52092.0,2564.5899,49841.0,73701.0,23860.0,52386.0,56649.25,4263.25,1.2037,9.5519,4.6647,4.0,0.4,False
stop_sequence,1000,0,,,,,0.0,111.0,53.947,55.0,26.0,32.6921,1.0,111.0,110.0,23.0,82.0,59.0,0.001,-1.2824,60.6004,0.0,0.0,False
timepoint,1000,0,,,,,0.0,1.0,0.0,0.0,0.0,0.0,0.0,0.0,0.0,0.0,0.0,0.0,0.0,0.0,,0.0,0.0,False
trip_id,1000,0,167.0,BC11B0006.3.10539,1.4,BC11B0006.3.10539=14 | BC11B0016.6.10538=14 | BC11B0014.6.10537=13 | BC11B0003.4.10539=12 | BC11B0004.8.10537=12,,,,,,,,,,,,,,,,,,
location_type,1000,0,,,,,0.0,2.0,0.076,0.0,0.0,0.2651,0.0,1.0,1.0,0.0,0.0,0.0,3.2048,8.2875,348.8562,76.0,7.6,False
parent_station,0,1000,1.0,(nulo),100.0,(nulo)=1000,,,,,,,,,,,,,,,,,,
stop_code,924,76,925.0,(nulo),7.6,(nulo)=76 | 080A01_TM=1 | 070A10_TM=1 | 799A00_TM=1 | 027A01_TM=1,,,,,,,,,,,,,,,,,,
stop_id,1000,0,,,,,0.0,1000.0,48003.425,51458.5,2000.0,12218.1928,2000.0,52024.0,50024.0,51192.75,51756.25,563.5,-3.2386,8.6018,25.4528,86.0,8.6,False
stop_lat,1000,0,,,,,0.0,1000.0,4.6405,4.6146,4.5345,0.052,4.5345,4.769,0.2345,4.6036,4.6955,0.0919,0.3803,-1.2228,1.1205,0.0,0.0,False
stop_lon,1000,0,,,,,0.0,1000.0,-74.1356,-74.1326,-74.2151,0.039,-74.2151,-74.0324,0.1828,-74.1682,-74.1052,0.063,-0.0588,-0.8362,-0.0526,0.0,0.0,False
stop_name,1000,0,542.0,Br. Timiza,1.8,Br. Timiza=18 | Br. Garcés Navas=12 | Br. Alquería La Fragua=12 | Br. Las Ferias=12 | Br. Alquería=10,,,,,,,,,,,,,,,,,,
wheelchair_boarding,1000,0,,,,,0.0,1.0,1.0,1.0,1.0,0.0,1.0,1.0,0.0,1.0,1.0,0.0,0.0,0.0,0.0,0.0,0.0,False
zone_id,0,1000,1.0,(nulo),100.0,(nulo)=1000,,,,,,,,,,,,,,,,,,
route_id,1000,0,,,,,0.0,8.0,10015.625,10012.0,10004.0,13.2554,10004.0,10039.0,35.0,10004.0,10012.0,8.0,1.0036,-0.7048,0.1323,245.0,24.5,False
service_id,1000,0,,,,,0.0,3.0,1.964,2.0,2.0,1.0246,1.0,4.0,3.0,1.0,2.0,1.0,1.0177,-0.0601,52.1678,169.0,16.9,False
shape_id,1000,0,,,,,0.0,8.0,10015.625,10012.0,10004.0,13.2554,10004.0,10039.0,35.0,10004.0,10012.0,8.0,1.0036,-0.7048,0.1323,245.0,24.5,False
trip_headsign,0,1000,1.0,(nulo),100.0,(nulo)=1000,,,,,,,,,,,,,,,,,,
trip_id,1000,0,1000.0,TO4D70001.1.10004,0.1,TO4D70001.1.10004=1 | TO4D70001.10.10004=1 | TO4D70001.11.10004=1 | TO4D70001.12.10004=1 | TO4D70001.13.10004=1,,,,,,,,,,,,,,,,,,
OBJECTID,20,0,,,,,0.0,20.0,10.5,10.5,1.0,5.9161,1.0,20.0,19.0,5.75,15.25,9.5,0.0,-1.2,56.3436,0.0,0.0,False
R_ASIGNADOS,20,0,,,,,0.0,20.0,231584797730.554,155720466985.665,15336193785.0,204268870739.9945,15336193785.0,656400101161.67,641063907376.67,65892887745.5,398415838236.5325,332522950491.0325,0.6964,-0.7706,88.2048,0.0,0.0,False
R_EJECUTADOS,20,0,,,,,0.0,20.0,219990959772.804,148456280474.165,16795739772.57,195383681623.4141,16795739772.57,636534232652.67,619738492880.1001,61374408626.5,375465655883.7825,314091247257.2825,0.738,-0.6448,88.8144,0.0,0.0,False
R_GIRADOS,20,0,,,,,0.0,20.0,204641894415.654,130831927293.665,14998153437.0,184684812163.9005,14998153437.0,610200517768.67,595202364331.67,56537698721.5,340444482288.5325,283906783567.0325,0.7966,-0.4777,90.2478,0.0,0.0,False
Fecha,20,0,1.0,2025-12-31 00:00:00+00:00,100.0,2025-12-31 00:00:00+00:00=20,,,,,,,,,,,,,,,,,,
COD_LOCA,20,0,20.0,15,5.0,15=1 | 06=1 | 18=1 | 12=1 | 13=1,,,,,,,,,,,,,,,,,,
Shape_Length,20,0,,,,,0.0,20.0,44710.4849,33440.22,7486.3109,47033.3486,7486.3109,213491.2305,206004.9196,17608.1575,45222.5787,27614.4212,2.7549,8.8291,105.1953,2.0,10.0,False
Shape_Area,20,0,,,,,0.0,20.0,82768261.4294,35017221.2876,2085683.8013,174306697.5745,2085683.8013,789463047.6426,787377363.8413,13516053.349,53782041.2296,40265987.8805,3.8839,16.026,210.5961,3.0,15.0,False
OBJECTID,300,0,,,,,0.0,300.0,150.5,150.5,1.0,86.7468,1.0,300.0,299.0,75.75,225.25,149.5,0.0,-1.2,57.639,0.0,0.0,False
Id,300,0,,,,,0.0,300.0,150.5,150.5,1.0,86.7468,1.0,300.0,299.0,75.75,225.25,149.5,0.0,-1.2,57.639,0.0,0.0,False
departamen,300,0,1.0,Bogotá D.C,100.0,Bogotá D.C=300,,,,,,,,,,,,,,,,,,
municipio,300,0,1.0,BOGOTÁ,100.0,BOGOTÁ=300,,,,,,,,,,,,,,,,,,
codigo_pre,300,0,123.0,1100101010,12.0,1100101010=36 | 1100100130=24 | 1100104035=17 | 1100102404=16 | 1100102317=12,,,,,,,,,,,,,,,,,,
nombre_pre,300,0,123.0,INVERSIONES EN RECREACION DEPORTE Y SALUD S.A Y PODRA TAMBIEN DESIGNARSE CON LA SIGLA BODYTECH,12.0,INVERSIONES EN RECREACION DEPORTE Y SALUD S.A Y PODRA TAMBIEN DESIGNARSE CON LA SIGLA BODYTECH=36 | INVERSIONES DAMA SALUD SAS=24 | UNIDAD MEDICA Y DE DIAGNOSTICO S.A=17 | INSTITUTO DE DIAGNOSTICO MEDICO S.A.=16 | IMEVI SAS=12,,,,,,,,,,,,,,,,,,
nombre,300,0,292.0,UNIDAD RADIOLOGICA DENTO CRANEO MAXILO FACIAL,1.0,UNIDAD RADIOLOGICA DENTO CRANEO MAXILO FACIAL=3 | OPTICA DR MENDEZ SAS=3 | UNIDAD MEDICA DIAGNOSTICA ESPINOSA GOMEZ SAS=3 | CENTRO MEDICO LA FACULTAD SAS=2 | TAC Y RESONANCIA DEL COUNTRY=2,,,,,,,,,,,,,,,,,,
tipo_zona,300,0,2.0,URBANA,99.67,URBANA=299 |  =1,,,,,,,,,,,,,,,,,,
direccion,300,0,299.0,CARRERA 16 No. 82 - 57 PISO 2,0.67,CARRERA 16 No. 82 - 57 PISO 2=2 | KR 64 # 100 55=1 | CLL 43 # 25 - 61=1 | DIAGONAL 19 SUR No 20 -39=1 | TV 94A # 80A 91=1,,,,,,,,,,,,,,,,,,
barrio,300,0,131.0,SANTA BARBARA,6.33,SANTA BARBARA=19 | ANTIGUO COUNTRY=19 | CHAPINERO=16 | CHICO N=9 | CHICO=9,,,,,,,,,,,,,,,,,,
telefono,300,0,216.0, ,12.0, =36 | 7462749=12 | 7565656 Ext 6557=9 | 3438770=8 | 7565656 EXT 6557=8,,,,,,,,,,,,,,,,,,
fax,300,0,,,,,0.0,68.0,11722984.4267,0.0,0.0,181955684.6565,0.0,3152537288.0,3152537288.0,0.0,2139097.25,2139097.25,17.3164,299.9053,1552.1277,41.0,13.67,False
email,300,0,175.0, ,12.33, =37 | habilitacion.cientifica@sonria.com.co=24 | edgarc@colmedica.com=17 | contabilidad@idime.com.co=13 | contabilidad@ieco.com.co=6,,,,,,,,,,,,,,,,,,
clase_pers,300,0,1.0,JURIDICO,100.0,JURIDICO=300,,,,,,,,,,,,,,,,,,
naturaleza,300,0,2.0,Privada,99.33,Privada=298 | Pública=2,,,,,,,,,,,,,,,,,,
clase_pres,300,0,1.0,Instituciones - IPS,100.0,Instituciones - IPS=300,,,,,,,,,,,,,,,,,,
ese,300,0,3.0,NO,96.33,NO=289 |  =9 | SI=2,,,,,,,,,,,,,,,,,,
nivel,300,0,2.0, ,99.33, =298 | 3=2,,,,,,,,,,,,,,,,,,
sede_princ,300,0,2.0,NO,59.33,NO=178 | SI=122,,,,,,,,,,,,,,,,,,
horario_lu,300,0,60.0, ,32.0, =96 | 07 a 19=29 | 07 a 20=23 | 00 a 24=13 | 07 a 17=12,,,,,,,,,,,,,,,,,,
horario_ma,300,0,56.0, ,33.67, =101 | 07 a 19=29 | 07 a 20=23 | 00 a 24=13 | 08 a 18=11,,,,,,,,,,,,,,,,,,
horario_mi,300,0,57.0, ,33.33, =100 | 07 a 19=29 | 07 a 20=23 | 00 a 24=13 | 08 a 18=11,,,,,,,,,,,,,,,,,,
horario_ju,300,0,57.0, ,33.67, =101 | 07 a 19=28 | 07 a 20=23 | 00 a 24=13 | 08 a 18=11,,,,,,,,,,,,,,,,,,
horario_vi,300,0,57.0, ,33.33, =100 | 07 a 19=29 | 07 a 20=23 | 05 a 21=14 | 00 a 24=13,,,,,,,,,,,,,,,,,,
horario_sa,300,0,60.0, ,35.33, =106 | 07 a 18=23 | 07 a 19=14 | 07 a 13=14 | 00 a 00=13,,,,,,,,,,,,,,,,,,
horario_do,300,0,25.0, ,42.33, =127 | 00 a 00=108 | 00 a 24=13 | 09 a 17=10 | 07 a 16=9,,,,,,,,,,,,,,,,,,
fecha_cort,300,0,1.0,Fecha corte REPS: Jul 23 2020 11:22AM,100.0,Fecha corte REPS: Jul 23 2020 11:22AM=300,,,,,,,,,,,,,,,,,,
OBJECTID,300,0,,,,,0.0,300.0,150.5,150.5,1.0,86.7468,1.0,300.0,299.0,75.75,225.25,149.5,0.0,-1.2,57.639,0.0,0.0,False
Id,300,0,,,,,0.0,300.0,150.5,150.5,1.0,86.7468,1.0,300.0,299.0,75.75,225.25,149.5,0.0,-1.2,57.639,0.0,0.0,False
departamen,300,0,1.0,Bogotá D.C,100.0,Bogotá D.C=300,,,,,,,,,,,,,,,,,,
municipio,300,0,1.0,BOGOTÁ,100.0,BOGOTÁ=300,,,,,,,,,,,,,,,,,,
codigo_pre,300,0,123.0,1100101010,12.0,1100101010=36 | 1100100130=24 | 1100104035=17 | 1100102404=16 | 1100102317=12,,,,,,,,,,,,,,,,,,
nombre_pre,300,0,123.0,INVERSIONES EN RECREACION DEPORTE Y SALUD S.A Y PODRA TAMBIEN DESIGNARSE CON LA SIGLA BODYTECH,12.0,INVERSIONES EN RECREACION DEPORTE Y SALUD S.A Y PODRA TAMBIEN DESIGNARSE CON LA SIGLA BODYTECH=36 | INVERSIONES DAMA SALUD SAS=24 | UNIDAD MEDICA Y DE DIAGNOSTICO S.A=17 | INSTITUTO DE DIAGNOSTICO MEDICO S.A.=16 | IMEVI SAS=12,,,,,,,,,,,,,,,,,,
nombre,300,0,292.0,UNIDAD RADIOLOGICA DENTO CRANEO MAXILO FACIAL,1.0,UNIDAD RADIOLOGICA DENTO CRANEO MAXILO FACIAL=3 | OPTICA DR MENDEZ SAS=3 | UNIDAD MEDICA DIAGNOSTICA ESPINOSA GOMEZ SAS=3 | CENTRO MEDICO LA FACULTAD SAS=2 | TAC Y RESONANCIA DEL COUNTRY=2,,,,,,,,,,,,,,,,,,
tipo_zona,300,0,2.0,URBANA,99.67,URBANA=299 |  =1,,,,,,,,,,,,,,,,,,
direccion,300,0,299.0,CARRERA 16 No. 82 - 57 PISO 2,0.67,CARRERA 16 No. 82 - 57 PISO 2=2 | KR 64 # 100 55=1 | CLL 43 # 25 - 61=1 | DIAGONAL 19 SUR No 20 -39=1 | TV 94A # 80A 91=1,,,,,,,,,,,,,,,,,,
barrio,300,0,131.0,SANTA BARBARA,6.33,SANTA BARBARA=19 | ANTIGUO COUNTRY=19 | CHAPINERO=16 | CHICO N=9 | CHICO=9,,,,,,,,,,,,,,,,,,
telefono,300,0,216.0, ,12.0, =36 | 7462749=12 | 7565656 Ext 6557=9 | 3438770=8 | 7565656 EXT 6557=8,,,,,,,,,,,,,,,,,,
fax,300,0,,,,,0.0,68.0,11722984.4267,0.0,0.0,181955684.6565,0.0,3152537288.0,3152537288.0,0.0,2139097.25,2139097.25,17.3164,299.9053,1552.1277,41.0,13.67,False
email,300,0,175.0, ,12.33, =37 | habilitacion.cientifica@sonria.com.co=24 | edgarc@colmedica.com=17 | contabilidad@idime.com.co=13 | contabilidad@ieco.com.co=6,,,,,,,,,,,,,,,,,,
clase_pers,300,0,1.0,JURIDICO,100.0,JURIDICO=300,,,,,,,,,,,,,,,,,,
naturaleza,300,0,2.0,Privada,99.33,Privada=298 | Pública=2,,,,,,,,,,,,,,,,,,
clase_pres,300,0,1.0,Instituciones - IPS,100.0,Instituciones - IPS=300,,,,,,,,,,,,,,,,,,
ese,300,0,3.0,NO,96.33,NO=289 |  =9 | SI=2,,,,,,,,,,,,,,,,,,
nivel,300,0,2.0, ,99.33, =298 | 3=2,,,,,,,,,,,,,,,,,,
sede_princ,300,0,2.0,NO,59.33,NO=178 | SI=122,,,,,,,,,,,,,,,,,,
horario_lu,300,0,60.0, ,32.0, =96 | 07 a 19=29 | 07 a 20=23 | 00 a 24=13 | 07 a 17=12,,,,,,,,,,,,,,,,,,
horario_ma,300,0,56.0, ,33.67, =101 | 07 a 19=29 | 07 a 20=23 | 00 a 24=13 | 08 a 18=11,,,,,,,,,,,,,,,,,,
horario_mi,300,0,57.0, ,33.33, =100 | 07 a 19=29 | 07 a 20=23 | 00 a 24=13 | 08 a 18=11,,,,,,,,,,,,,,,,,,
horario_ju,300,0,57.0, ,33.67, =101 | 07 a 19=28 | 07 a 20=23 | 00 a 24=13 | 08 a 18=11,,,,,,,,,,,,,,,,,,
horario_vi,300,0,57.0, ,33.33, =100 | 07 a 19=29 | 07 a 20=23 | 05 a 21=14 | 00 a 24=13,,,,,,,,,,,,,,,,,,
horario_sa,300,0,60.0, ,35.33, =106 | 07 a 18=23 | 07 a 19=14 | 07 a 13=14 | 00 a 00=13,,,,,,,,,,,,,,,,,,
horario_do,300,0,25.0, ,42.33, =127 | 00 a 00=108 | 00 a 24=13 | 09 a 17=10 | 07 a 16=9,,,,,,,,,,,,,,,,,,
fecha_cort,300,0,1.0,Fecha corte REPS: Jul 23 2020 11:22AM,100.0,Fecha corte REPS: Jul 23 2020 11:22AM=300,,,,,,,,,,,,,,,,,,
objectid,300,0,,,,,0.0,300.0,6950.5,6950.5,6801.0,86.7468,6801.0,7100.0,299.0,6875.75,7025.25,149.5,0.0,-1.2,1.2481,0.0,0.0,False
cenefa_par,300,0,300.0,504A11,0.33,504A11=1 | 090A12=1 | 091A12=1 | 092A12=1 | 093A12=1,,,,,,,,,,,,,,,,,,
mdoulo_par,300,0,2.0,A,94.0,A=282 | B=18,,,,,,,,,,,,,,,,,,
zona_parad,300,0,,,,,0.0,3.0,12.0833,12.0,12.0,0.3876,11.0,13.0,2.0,12.0,12.0,0.0,0.7863,3.1059,3.2076,47.0,15.67,False
nombre_par,300,0,131.0,Br. Santa Librada,5.33,Br. Santa Librada=16 | Br. Puerta al Llano=11 | Br. La Flora=9 | Ciudadela de Usme - La esperanza I Etapa=7 | Br. La Reforma=7,,,,,,,,,,,,,,,,,,
via_parade,300,0,118.0,AV. Caracas,6.67,AV. Caracas=20 | KR  3=11 | Autopista al Llano=9 | CL 90 Sur=8 | AK 1=8,,,,,,,,,,,,,,,,,,
direccion_,300,0,256.0,AV. Caracas - CL 76B Sur,1.33,AV. Caracas - CL 76B Sur=4 | KR 3 - CL 137 Sur=3 | KR 3 - CL 139 Sur=2 | KR 3 - CL 136 Sur=2 | CL 138A Sur - KR 3C=2,,,,,,,,,,,,,,,,,,
localidad_,300,0,,,,,0.0,3.0,5.5167,5.0,5.0,2.7644,4.0,19.0,15.0,5.0,5.0,0.0,4.6749,20.1496,50.1098,25.0,8.33,False
consola_pa,300,0,300.0,Vía Pasquilla (504A11),0.33,Vía Pasquilla (504A11)=1 | KR 3 - CL 139 Sur (090A12)=1 | KR 3 - CL 139 Sur (091A12)=1 | KR 3 - CL 138A Sur (092A12)=1 | KR 3 - CL 138B Sur (093A12)=1,,,,,,,,,,,,,,,,,,
panel_para,300,0,256.0,AV. Caracas - CL 76B Sur,1.33,AV. Caracas - CL 76B Sur=4 | KR 3 - CL 137 Sur=3 | KR 3 - CL 139 Sur=2 | KR 3 - CL 136 Sur=2 | CL 138A Sur - KR 3C=2,,,,,,,,,,,,,,,,,,
audio_para,299,1,240.0,Carrera Tercera Calle 137 Sur,1.0,Carrera Tercera Calle 137 Sur=3 | Avenida Caracas Calle 71 C Sur=3 | Carrera Tercera Calle 139 Sur=2 | Carrera Tercera Calle 136 Sur=2 | Calle 138 A Sur Carrera Tercera C=2,,,,,,,,,,,,,,,,,,
longitud_p,300,0,,,,,0.0,300.0,-74.1109,-74.1111,-74.1483,0.0124,-74.1483,-74.086,0.0622,-74.118,-74.1033,0.0147,-0.4366,1.0174,-0.0167,12.0,4.0,False
latitud_pa,300,0,,,,,0.0,300.0,4.5025,4.5048,4.4049,0.0145,4.4049,4.5247,0.1197,4.4939,4.5126,0.0186,-1.4067,6.0051,0.3212,1.0,0.33,False
coordenada,300,0,,,,,0.0,300.0,996296.0522,996267.8887,992148.4264,1375.7641,992148.4264,999053.42,6904.9936,995507.9761,997136.9207,1628.9446,-0.4366,1.0173,0.1381,12.0,4.0,False
coordena_1,300,0,,,,,0.0,300.0,989639.8004,989892.3243,978849.5702,1599.4119,978849.5702,992090.5,13240.9298,988690.9178,990751.7249,2060.8072,-1.4066,6.0046,0.1616,1.0,0.33,False
globalid,300,0,300.0,{082E77CF-85F6-42F9-83CC-7093533D094F},0.33,{082E77CF-85F6-42F9-83CC-7093533D094F}=1 | {B46CB127-2366-49EA-A1A3-DED346236598}=1 | {8FAC6F30-DB0E-4131-B5AF-F990AE362EBB}=1 | {271EF224-DE9C-41E5-8134-219BD4072F06}=1 | {54C1A4B0-E9A9-4B15-8D6C-078A78B4C2B2}=1,,,,,,,,,,,,,,,,,,
Codigo Parque,139,0,135.0,04-127,1.44,04-127=2 | 06-063=2 | 11-368=2 | 11-204=2 | 01-012=1,,,,,,,,,,,,,,,,,,
Nombre Parque,139,0,138.0,Arborizadora Alta,1.44,Arborizadora Alta=2 | La Vida=1 | Servita=1 | Nueva Autopista=1 | Alta Blanca=1,,,,,,,,,,,,,,,,,,
Nombre Localidad,139,0,19.0,CIUDAD BOLIVAR,10.07,CIUDAD BOLIVAR=14 | KENNEDY=13 | ENGATIVÁ=13 | SUBA=12 | BOSA=11,,,,,,,,,,,,,,,,,,
Tipologia,139,0,1.0,ESTRUCTURANTE,100.0,ESTRUCTURANTE=139,,,,,,,,,,,,,,,,,,
Administracion,139,0,1.0,IDRD,100.0,IDRD=139,,,,,,,,,,,,,,,,,,
ub_ret,47,0,33.0,Costado Occidental,19.15,Costado Occidental=9 | Costado Oriental=4 | Costado Sur=3 | Costado Norte=2 | Costado Sur - Oriental=1,,,,,,,,,,,,,,,,,,
longitud,47,0,,,,,0.0,47.0,-74.0939,-74.0829,-74.2071,0.0386,-74.2071,-74.0434,0.1636,-74.1185,-74.0685,0.05,-1.09,1.0592,-0.0521,2.0,4.26,False
latitud,47,0,,,,,0.0,47.0,4.6475,4.6299,4.5687,0.0562,4.5687,4.7697,0.201,4.6025,4.6804,0.0779,0.7811,-0.509,1.2083,0.0,0.0,False
objectid,47,0,,,,,0.0,47.0,219.766,219.0,196.0,15.3852,196.0,260.0,64.0,207.5,230.5,23.0,0.5304,0.0809,7.0007,0.0,0.0,False
id_retorno,47,0,47.0,RT042,2.13,RT042=1 | RT016=1 | RT026=1 | RT008=1 | RT014=1,,,,,,,,,,,,,,,,,,
nombre,47,0,47.0,Terreros,2.13,Terreros=1 | Avenida Rojas=1 | Flores=1 | Puente Calle 183=1 | Recinto Ferial=1,,,,,,,,,,,,,,,,,,
observ,47,0,4.0,Sin observacion,93.62,Sin observacion=44 | Mixto giro a la izquierda=1 | Retorno semaforico=1 | Retorno  externo=1,,,,,,,,,,,,,,,,,,
id_trazado,47,0,17.0,TZ016,14.89,TZ016=7 | TZ002=7 | TZ009=6 | TZ008=4 | TZ005=3,,,,,,,,,,,,,,,,,,
esta_oper,47,0,,,,,0.0,1.0,1.0,1.0,1.0,0.0,1.0,1.0,0.0,1.0,1.0,0.0,0.0,0.0,0.0,0.0,0.0,False
tip_ret,47,0,,,,,0.0,4.0,1.6809,1.0,1.0,0.9114,1.0,4.0,3.0,1.0,2.0,1.0,1.4129,1.3634,54.2246,4.0,8.51,False
eta_oper,47,0,,,,,0.0,1.0,1.0,1.0,1.0,0.0,1.0,1.0,0.0,1.0,1.0,0.0,0.0,0.0,0.0,0.0,0.0,False
buses_hora,47,0,,,,,0.0,8.0,7.8723,0.0,0.0,21.8449,0.0,113.0,113.0,0.0,0.0,0.0,3.2956,11.9796,277.4896,7.0,14.89,False
sentido,47,0,,,,,0.0,7.0,5.8298,4.0,4.0,4.9709,1.0,17.0,16.0,2.0,8.0,6.0,1.2205,0.3915,85.2667,0.0,0.0,False
globalid,47,0,47.0,{71ADA934-D94C-4C44-8DF1-CE7985A20B1A},2.13,{71ADA934-D94C-4C44-8DF1-CE7985A20B1A}=1 | {E38E09C8-2305-4BE8-8F86-C0C47B722C96}=1 | {50F8323C-3F81-4002-B260-ECDFC4EE5DCC}=1 | {D1E8A424-5BA8-423D-8A15-BA28CE32EA37}=1 | {FA6BE61F-551A-4F8D-B095-C41D66670A26}=1,,,,,,,,,,,,,,,,,,
created_user,0,47,1.0,(nulo),100.0,(nulo)=47,,,,,,,,,,,,,,,,,,
created_date,0,47,1.0,(nulo),100.0,(nulo)=47,,,,,,,,,,,,,,,,,,
last_edited_user,0,47,1.0,(nulo),100.0,(nulo)=47,,,,,,,,,,,,,,,,,,
last_edited_date,0,47,1.0,(nulo),100.0,(nulo)=47,,,,,,,,,,,,,,,,,,
objectid,682,0,,,,,0.0,682.0,11021.978,11053.5,10421.0,260.5912,10421.0,11413.0,992.0,10876.25,11233.75,357.5,-0.5191,-0.7129,2.3643,0.0,0.0,False
abrevia,524,158,32.0,(nulo),23.17,(nulo)=158 | ALI=101 | HHH=57 | AAA=43 | KKK=37,,,,,,,,,,,,,,,,,,
cod_linea,682,0,542.0,MK86,0.59,MK86=4 | ML82=4 | BG12=4 | DL81=4 | FJ23=4,,,,,,,,,,,,,,,,,,
nom_ruta,682,0,535.0,MK86,0.59,MK86=4 | ML82=4 | BG12=4 | DL81=4 | FJ23=4,,,,,,,,,,,,,,,,,,
orig_ruta,682,0,260.0,Portal Usme,3.37,Portal Usme=23 | Portal Suba=20 | Portal Tunal=19 | Portal 80=15 | Metrovivienda=15,,,,,,,,,,,,,,,,,,
dest_ruta,682,0,355.0,Germania,2.2,Germania=15 | Metrovivienda=12 | Portal Usme=11 | Portal Américas=11 | Porciuncula=10,,,,,,,,,,,,,,,,,,
fec_impl,682,0,260.0, ,19.21, =131 | 26/03/2015=39 | 22/05/2021=16 | 17/02/2014=15 | 16/01/2021=11,,,,,,,,,,,,,,,,,,
loc_orig,682,0,,,,,0.0,19.0,8.1393,8.0,11.0,4.5217,0.0,19.0,19.0,5.0,11.0,6.0,0.5409,0.1848,55.5543,0.0,0.0,False
loc_dest,682,0,,,,,0.0,19.0,8.0894,8.0,11.0,4.817,0.0,19.0,19.0,4.0,11.0,7.0,0.5539,-0.1193,59.5467,0.0,0.0,False
long_ruta,682,0,,,,,0.0,680.0,506243.1859,25.3344,39.3631,3991614.393,3.0212,52546499.0,52546495.9788,12.1686,37.4064,25.2378,9.0785,90.1178,788.4777,15.0,2.2,False
oper_ruta,682,0,22.0,No Aplica,17.89,No Aplica=122 | CONSORCIO EXPRESS USAQUEN N=76 | ETIB BO=69 | MASIVO CAPITAL KE=64 | GMOVIL ENGATIVA E=53,,,,,,,,,,,,,,,,,,
cod_ruta,682,0,677.0,MP85,0.29,MP85=2 | 7-1-1a=2 | HA680-3=2 | B919-2=2 | LG816-3=2,,,,,,,,,,,,,,,,,,
zon_dest,682,0,,,,,0.0,15.0,6.6393,7.0,12.0,4.3163,0.0,14.0,14.0,3.0,11.0,8.0,-0.0586,-1.3184,65.0112,0.0,0.0,False
zon_orig,682,0,,,,,0.0,15.0,6.7287,7.0,8.0,4.2663,0.0,14.0,14.0,3.0,11.0,8.0,-0.0414,-1.3276,63.4034,0.0,0.0,False
hor_habil,681,1,133.0,4:00 a. m. - 11:00 p. m.,14.08,4:00 a. m. - 11:00 p. m.=96 | 4:00 a. m. - 10:00 p. m.=72 | 4:00 a. m. - 12:30 a. m.=54 | 3:00 a. m. - 10:00 p. m.=32 | 4:30 a. m. - 12:30 a. m.=26,,,,,,,,,,,,,,,,,,
hor_sab,662,20,107.0,4:00 a. m. - 11:00 p. m.,12.17,4:00 a. m. - 11:00 p. m.=83 | 4:00 a. m. - 10:00 p. m.=78 | 4:00 a. m. - 12:30 a. m.=54 | 4:00 a. m. - 9:00 p. m.=41 |  =31,,,,,,,,,,,,,,,,,,
hor_fest,598,84,88.0,5:00 a. m. - 10:00 p. m.,14.52,5:00 a. m. - 10:00 p. m.=99 | (nulo)=84 |  =67 | 5:00 a. m. - 9:00 p. m.=58 | 4:00 a. m. - 11:30 p. m.=41,,,,,,,,,,,,,,,,,,
est_ruta,682,0,,,,,0.0,2.0,1.0088,1.0,1.0,0.0935,1.0,2.0,1.0,1.0,1.0,0.0,10.5434,109.4854,9.2636,6.0,0.88,False
tip_bus,682,0,,,,,0.0,5.0,3.3226,3.0,3.0,0.9897,1.0,5.0,4.0,3.0,4.0,1.0,-0.4351,0.0992,29.7868,42.0,6.16,False
tip_serv,682,0,,,,,0.0,3.0,1.3504,1.0,1.0,0.57,1.0,4.0,3.0,1.0,2.0,1.0,1.9171,5.2087,42.2073,11.0,1.61,False
dias_oper,682,0,,,,,0.0,4.0,2.783,3.0,3.0,0.5578,1.0,4.0,3.0,3.0,3.0,0.0,-2.1138,4.0017,20.043,121.0,17.74,False
tip_hor,682,0,,,,,0.0,4.0,1.1554,1.0,1.0,0.544,1.0,4.0,3.0,1.0,1.0,0.0,3.7644,13.9133,47.0814,61.0,8.94,False
comp_sitp,682,0,,,,,0.0,2.0,1.8211,2.0,2.0,0.3835,1.0,2.0,1.0,2.0,2.0,0.0,-1.6794,0.8228,21.0606,122.0,17.89,False
ruta_rural,682,0,,,,,0.0,3.0,2.1525,2.0,2.0,0.4405,1.0,3.0,2.0,2.0,2.0,0.0,0.7087,1.0829,20.4646,148.0,21.7,False
route_id,682,0,,,,,0.0,658.0,11618.11,12132.5,0.0,2044.9958,0.0,13190.0,13190.0,10848.25,12792.75,1944.5,-4.2644,21.767,17.6018,16.0,2.35,False
tipo_ruta,682,0,,,,,0.0,3.0,1.0176,1.0,1.0,0.1789,1.0,3.0,2.0,1.0,1.0,0.0,10.5111,111.4318,17.578,7.0,1.03,False
globalid,682,0,682.0,{D5602DFF-2A7E-4229-A20C-3C4A4679722A},0.15,{D5602DFF-2A7E-4229-A20C-3C4A4679722A}=1 | {B4514BF1-B4AC-4F74-931A-29E8500FC5E0}=1 | {9113042F-0736-4259-A7E8-76782829ABE8}=1 | {8B35CEC7-D0BE-4925-8264-1FF746106B7B}=1 | {2CB9A581-430F-46AD-B74E-59D335E56CD6}=1,,,,,,,,,,,,,,,,,,
created_user,559,123,2.0,editorInfraSTS,81.96,editorInfraSTS=559 | (nulo)=123,,,,,,,,,,,,,,,,,,
created_date,559,123,392.0,(nulo),18.04,(nulo)=123 | 2026/06/30 20:19:05+00=2 | 2026/06/30 20:23:22+00=2 | 2026/06/30 20:22:56+00=2 | 2026/06/30 20:20:48+00=2,,,,,,,,,,,,,,,,,,
last_edited_user,682,0,1.0,editorInfraSTS,100.0,editorInfraSTS=682,,,,,,,,,,,,,,,,,,
last_edited_date,682,0,9.0,2026/07/17 21:29:38+00,45.16,2026/07/17 21:29:38+00=308 | 2026/07/17 21:30:33+00=242 | 2026/07/17 21:22:59+00=113 | 2026/07/17 21:25:54+00=6 | 2026/07/17 21:32:02+00=5,,,,,,,,,,,,,,,,,,
shape_Length,682,0,,,,,0.0,682.0,25720.1078,24915.5778,3021.1647,15477.0867,3021.1647,75600.7138,72579.5491,12104.873,36599.3103,24494.4373,0.5489,-0.379,60.175,1.0,0.15,False
OBJECTID,1,0,,,,,0.0,1.0,1.0,1.0,1.0,,1.0,1.0,0.0,1.0,1.0,0.0,,,,0.0,0.0,False
NOMBRE,1,0,1.0,EJE PRINCIPAL SEGUNDA LINEA DEL METRO DE BOGOTÁ,100.0,EJE PRINCIPAL SEGUNDA LINEA DEL METRO DE BOGOTÁ=1,,,,,,,,,,,,,,,,,,
Shape_Leng,1,0,,,,,0.0,1.0,15367.8652,15367.8652,15367.8652,,15367.8652,15367.8652,0.0,15367.8652,15367.8652,0.0,,,,0.0,0.0,False
SHAPE_Length,1,0,,,,,0.0,1.0,0.1387,0.1387,0.1387,,0.1387,0.1387,0.0,0.1387,0.1387,0.0,,,,0.0,0.0,False
objectid,20,0,,,,,0.0,20.0,136.45,135.5,126.0,8.4882,126.0,164.0,38.0,130.75,140.25,9.5,1.7569,5.0054,6.2208,1.0,5.0,False
id_trazado,20,0,20.0,TZ002,5.0,TZ002=1 | TZ008=1 | TZ009=1 | TZ015=1 | TZ018=1,,,,,,,,,,,,,,,,,,
long_traz,20,0,,,,,0.0,20.0,6.4142,6.9342,0.641,4.4141,0.641,13.0926,12.4516,2.2167,10.4968,8.2801,0.1524,-1.7118,68.8171,0.0,0.0,False
ori_traz,20,0,14.0,Avenida Calle 80,15.0,Avenida Calle 80=3 | Autopista Norte=2 | Avenida Caracas=2 | Carrera 3=2 | Avenida Calle 6=2,,,,,,,,,,,,,,,,,,
fin_traz,20,0,18.0,Avenida Calle 6,10.0,Avenida Calle 6=2 | Limite del Distrito=2 | Terminal=1 | Portal Americas=1 | Avenida Caracas=1,,,,,,,,,,,,,,,,,,
nom_traz,20,0,19.0,Carrera 7,10.0,Carrera 7=2 | Autopista Norte=1 | NQS Central=1 | Americas=1 | Eje Ambiental=1,,,,,,,,,,,,,,,,,,
le_troncal,20,0,12.0,H,15.0,H=3 | E=2 | C=2 | G=2 | M=2,,,,,,,,,,,,,,,,,,
nom_tronc,20,0,12.0,Caracas Sur,15.0,Caracas Sur=3 | NQS Central=2 | Suba=2 | NQS Sur=2 | Carrera 7=2,,,,,,,,,,,,,,,,,,
fase_tronc,20,0,3.0,FASE I,40.0,FASE I=8 | FASE II=6 | FASE III=6,,,,,,,,,,,,,,,,,,
eta_oper,20,0,,,,,0.0,1.0,1.0,1.0,1.0,0.0,1.0,1.0,0.0,1.0,1.0,0.0,0.0,0.0,0.0,0.0,0.0,False
esta_oper,20,0,,,,,0.0,1.0,1.0,1.0,1.0,0.0,1.0,1.0,0.0,1.0,1.0,0.0,0.0,0.0,0.0,0.0,0.0,False
tipo_tra,20,0,,,,,0.0,2.0,1.2,1.0,1.0,0.4104,1.0,2.0,1.0,1.0,1.0,0.0,1.6245,0.6985,34.1993,4.0,20.0,False
Shape__Length,20,0,,,,,0.0,20.0,6445.7255,6931.9317,641.0452,4370.0686,641.0452,13008.3203,12367.2751,2216.3315,10487.2359,8270.9044,0.1424,-1.6952,67.7979,0.0,0.0,False
globalid,20,0,20.0,{389107A2-D1E1-491D-A369-B896E8CC112F},5.0,{389107A2-D1E1-491D-A369-B896E8CC112F}=1 | {1967B834-BD1E-4148-B185-373D9B648750}=1 | {2526622E-0F8F-4018-8146-84FF6DE5FC65}=1 | {6C1B642D-F281-4915-A52A-2CBC873FAFDD}=1 | {FEE4E75E-9F33-496D-881E-45DBA0EE46BF}=1,,,,,,,,,,,,,,,,,,
objectid,2356,0,,,,,0.0,2356.0,3534.5,3534.5,2357.0,680.2629,2357.0,4712.0,2355.0,2945.75,4123.25,1177.5,0.0,-1.2,19.2464,0.0,0.0,False
id_zat,2356,0,,,,,0.0,1215.0,685.0764,589.5,1.0,506.7435,1.0,1950.0,1949.0,295.0,951.0,656.0,0.921,0.0921,73.9689,5.0,0.21,False
anio_zat,2356,0,,,,,0.0,2.0,2021.0628,2023.0,2023.0,1.9994,2019.0,2023.0,4.0,2019.0,2023.0,4.0,-0.0629,-1.9977,0.0989,0.0,0.0,False
globalid,2356,0,2356.0,{39B5D1C6-E23E-4B67-9404-4B856ADB585C},0.04,{39B5D1C6-E23E-4B67-9404-4B856ADB585C}=1 | {3ADA72D0-240A-4B8F-837D-A83FED18333A}=1 | {D3B1A241-ACF7-41E5-B7DC-87404D2E8E0C}=1 | {641C7C18-F86B-4898-A59B-7CC7E060AC12}=1 | {0FF18B3D-54BF-49EB-ADFE-B501CBD2538B}=1,,,,,,,,,,,,,,,,,,
shape_Length,2356,0,,,,,0.0,2041.0,0.0723,0.0284,0.0065,0.2515,0.0065,3.5087,3.5022,0.0207,0.0393,0.0185,8.3831,77.6711,347.9401,244.0,10.36,False
shape_Area,2356,0,,,,,0.0,2041.0,0.0017,0.0,0.0,0.0139,0.0,0.1919,0.1919,0.0,0.0001,0.0,10.4153,115.7937,833.1945,275.0,11.67,False
