codigo_localidad,nombre_localidad,codigo_divipola,area_km2,poblacion,poblacion_hombres,poblacion_mujeres,poblacion_0_5,poblacion_6_11,poblacion_12_17,poblacion_5_17_anos,poblacion_18_59,poblacion_60_mas_anos,total_estaciones_troncales,total_paraderos_sitp,total_parques_idrd,total_camas_hospitalarias,camas_por_10000_habitantes,camas_uci_adultos,medicos_generales_por_1000_hab,vigencia,fuente,puntaje_promedio_saber_11,tasa_desercion_escolar_pct,relacion_estudiantes_por_docente,colegios_jornada_unica_pct,presupuesto_aprobado_millones,presupuesto_ejecutado_millones,porcentaje_ejecucion_fdl,proyectos_inversion_activos,presupuesto_social_sdis_millones,beneficiarios_transferencias_monetarias,comedores_comunitarios_activos,centros_cuidado_primera_infancia,total_votantes_pp,propuestas_ciudadanas_radicadas,propuestas_priorizadas_aprobadas,inversion_presupuesto_participativo_millones,eje_tematico_principal,localidad,atenciones_totales_sdis,beneficiarios_unicos_total_sdis,beneficiarios_transferencias_monetarias_img,atenciones_transferencias_img,beneficiarios_comedores_comunitarios,atenciones_comisarias_familia,beneficiarios_vejez_sdis,beneficiarios_infancia_sdis,atenciones_habitante_calle_sdis,beneficiarios_discapacidad_sdis,beneficiarios_victimas_sdis,beneficiarios_migrantes_sdis,cobertura_acueducto_pct,cobertura_alcantarillado_pct,consumo_promedio_m3_suscriptor,horas_interrupcion_promedio_mes,prestador_principal,irca_promedio,clasificacion_riesgo_irca,muestras_analizadas,total_luminarias,tecnologia_led_pct,fallas_reportadas_mes,tiempo_medio_reparacion_horas,penetracion_internet_fijo_pct,velocidad_promedio_bajada_mbps,zonas_wifi_publicas,total_pqr_recibidas,pqr_resueltas_a_tiempo_pct,tema_frecuente_1,tema_frecuente_2,tema_frecuente_3,homicidios_anual,hurto_a_personas_anual,hurto_a_comercio_anual,tasa_delitos_alto_impacto_por_100k_hab,tiempo_medio_respuesta_cuadrante_min,ocupados_trabajan_en_su_localidad_pct,ocupados_conmutan_a_otras_localidades_pct,conmutacion_hacia_centro_ampliado_pct,tiempo_promedio_desplazamiento_laboral_min,modo_transporte_principal_trabajo,ingreso_laboral_promedio_ocupados_cop,tasa_informalidad_laboral_pct,tasa_desempleo_pct,poblacion_en_edad_trabajar_estimada,inversion_educacion_asignada_cop,inversion_educacion_ejecutada_cop,inversion_educacion_girada_cop,densidad_poblacional,camas_por_10k_hab_calc,paraderos_por_10k_hab,parques_por_10k_hab,luminarias_por_km2,luminarias_por_10k_hab,tasa_beneficiarios_transferencias_pct,tasa_transferencias_img_por_10k_hab,comedores_por_10k_hab,tasa_atenciones_sdis_por_10k_hab,tasa_comisarias_por_10k_hab,tasa_votantes_pp_por_10k_hab,propuestas_ciudadanas_por_10k_hab,inversion_pp_per_capita_cop,inversion_fdl_per_capita_millones,inversion_fdl_per_capita_cop,inversion_social_sdis_per_capita_cop,inversion_educacion_per_capita_cop,inversion_educacion_ejecutada_millones,inversion_total_consolidada_per_capita_cop,tasa_homicidios_por_100k_hab_calc,pqr_por_10k_hab,area_geometria_km2,diferencia_area_pct,nombre_poblacion,poblacion_2025,poblacion_5_17_2025,registros_oferta,establecimientos_dane,oferta_total_cupos,registros_salud,sedes_ips_registradas,prestadores_unicos_localidad,cupos_por_1000_pob_5_17,sedes_ips_por_10000_hab,oferta_regular_cupos,oferta_modalidades_complementarias,oferta_regular_por_1000_pob_5_17,oferta_total_por_1000_pob_5_17,participacion_complementaria_pct,estaciones_troncales,paraderos_zonales,estaciones_por_km2,paraderos_por_km2,conflictos_ambientales_registrados,tipos_conflicto_ambiental,parques_registrados,conflictos_ambientales_por_km2,parques_por_10000_hab_proxy,periodos_rivi,vendedores_informales_promedio,rivi_por_10000_hab_2017_2019,rivi_tasa_minima,rivi_tasa_maxima,rivi_tasa_desviacion,poblacion_2026,cuadrantes_policiales,cuadrantes_por_10000_hab_2026,score_educacion,score_salud,score_estaciones,score_paraderos,score_ambiente,score_infraestructura,score_vulnerabilidad,score_seguridad,dim_educacion,dim_salud,dim_movilidad,dim_ambiente,dim_infraestructura,dim_vulnerabilidad,dim_seguridad,ipt_base,ranking_ipt_base,score_educacion_rango,score_salud_rango,score_estaciones_rango,score_paraderos_rango,score_ambiente_rango,score_infraestructura_rango,score_vulnerabilidad_rango,score_seguridad_rango,dim_rango_educacion,dim_rango_salud,dim_rango_movilidad,dim_rango_ambiente,dim_rango_infraestructura,dim_rango_vulnerabilidad,dim_rango_seguridad,ipt_rangos,ranking_ipt_rangos,ipt_sin_proxy,ipt_sin_rivi,ipt_sin_proxy_ni_rivi,ranking_ipt_sin_proxy,ranking_ipt_sin_rivi,ranking_ipt_sin_proxy_ni_rivi,apariciones_top5,ranking_promedio_escenarios,ranking_consenso,nivel_prioridad_consenso,confianza_priorizacion,dimension_prioritaria_1,dimension_prioritaria_2,score_dimension_prioritaria_1,score_dimension_prioritaria_2,IPT_MULTIDIMENSIONAL,RANKING_PRIORIDAD,NIVEL_PRIORIDAD,IPT_GEOMETRICO,ci_lower_95,ci_upper_95,ancho_intervalo_ci95,paraderos_por_10000_hab_proxy,tasa_comedores_por_10k_hab,dim_educacion_rango,dim_salud_rango,dim_movilidad_rango,dim_ambiente_rango,dim_infraestructura_rango,dim_vulnerabilidad_rango,dim_seguridad_rango,IPT_ESCENARIO_1_BASE,IPT_ESCENARIO_2_RANGOS,IPT_ESCENARIO_3_SIN_PARQUES,IPT_ESCENARIO_4_SIN_RIVI,IPT_ESCENARIO_5_DURAS,RANKING_ESC_1,RANKING_ESC_2,RANKING_ESC_3,RANKING_ESC_4,RANKING_ESC_5,ranking_promedio_5_escenarios,apariciones_top5_escenarios,RANKING_CONSENSO_ESCENARIOS,area_total_parques_m2,area_parques_ha,m2_parque_por_habitante,tasa_hurto_personas_por_10k_hab,tasa_hurto_personas_por_100k_hab,tasa_hurto_comercio_por_10k_hab,codigo_localidad_str
1,USAQUEN,1100101,65.31,602412,276385,326027,36624,36580,35582,78129,366470,127156,10,698,5,1850,42.5,333,6.38,2024-2025,Secretaría Distrital de Salud (SaluData) / REPS,298.5,1.8,18.2,65.0,85400,81200,95.08,26,12025.0,1,3,6,7500,79,19,7989.5,Seguridad y cultura,USAQUEN,36587,1,1,21684,1,4138,1,1,110,1,1,1,99.9,99.7,14.2,0.2,EAAB - ESP,0.45,Sin Riesgo (Apta),120,32450,98.8,389,36.5,89.5,120.5,8,8420,88.5,Ruido y espacio público,Aseo y basuras,Seguridad y convivencia,18,5420,310,48.5,8.5,38.5,61.5,25.4,42.0,A pie / Auto / SITP,3650000,24.5,7.8,657000,163103163894.33,156192285339.33,129410855984.33,9223.886081763894,30.7098796172719,11.586754579922047,0.0829996746412754,496.86,538.67,0.0,359.95,0.02,607.34,68.69,124.5,1.31,13263.0,0.1347914716174312,134791.0,19961.0,259278.0,156192.29,427293.0,2.9879882870859147,139.7714520959078,65.14907457353456,0.0802730938405905,Usaquén,602412,78129,27,12,25413,560,560,434,302.21,9.3,23611,1802,293.5231228244655,315.9249129786176,7.090859009168536,10,698,0.1533709075074869,10.70528934402259,71,17,5,1.0889334433031574,0.08,6,602.6666666666666,11.171942605828493,10.71447190776925,11.438316279843608,0.3310544705095402,584326,41,0.7016631127144779,0.0790295517379335,0.3222591362126246,0.1110072429448255,0.5749007936507936,0.0544893126754227,0.0754716981132075,0.1384694106781818,0.0887819733926188,0.9209704482620664,0.6777408637873754,0.6570459817021904,0.0544893126754227,0.9245283018867924,0.1384694106781818,0.9112180266073812,61.49741356356287,9,0.8947368421052632,0.1578947368421053,0.6842105263157895,0.631578947368421,0.4736842105263157,0.8947368421052632,0.0,0.5263157894736843,0.8947368421052632,0.1578947368421053,0.6578947368421053,0.4736842105263157,0.8947368421052632,0.0,0.5263157894736843,51.50375939849624,12,56.25821079919161,71.74698249082333,67.50985295902993,12,8,9,0,10.0,11,Media,Baja,Infraestructura,Educación,0.9245,0.921,61.20660493713444,12,Media,43.6183731196324,32.86,80.6,47.74,11.59,0.02,0.8947368421052632,0.1578947368421052,0.5789473684210527,0.4736842105263157,0.9473684210526316,0.1578947368421052,0.5263157894736842,61.20660493713444,53.38345864661653,55.99890072854363,69.09988224868715,64.42929266068872,12,11,14,10,12,11.8,0,12,2840000.0,284.0,4.71,89.97,899.7,5.15,01
2,CHAPINERO,1100102,38.0,184757,88782,95975,13094,9935,8152,20087,119895,33681,9,333,3,2120,68.4,381,10.26,2024-2025,Secretaría Distrital de Salud (SaluData) / REPS,308.2,1.4,18.2,65.0,62300,59800,95.99,19,12025.0,1,3,6,3200,33,8,3364.0,Seguridad y cultura,CHAPINERO,10161,1,1,3821,1,1549,1,1,244,1,1,1,99.9,99.8,13.8,0.1,EAAB - ESP,0.45,Sin Riesgo (Apta),120,21200,99.1,254,36.5,92.4,120.5,8,6950,91.2,Ruido y espacio público,Aseo y basuras,Seguridad y convivencia,12,6890,480,72.1,8.5,52.1,47.9,12.0,32.0,A pie / Auto / SITP,4200000,18.2,6.9,756000,27528720049.0,25674170927.0,23426202600.0,4862.026315789473,114.7453141152974,18.023674339808505,0.1623754445027793,557.89,1147.45,0.0,206.81,0.05,549.97,83.84,173.2,1.79,18208.0,0.3236683860422067,323668.0,65085.0,138962.0,25674.17,545923.0,6.495017780111173,376.1697797647721,37.978420292375525,0.0802303927835243,Chapinero,184757,20087,7,3,3808,511,511,389,169.86,27.66,3412,396,172.73325570799372,192.78084341618995,10.399159663865548,9,333,0.2367865539277013,8.761102495324948,99,20,3,2.6046520932047144,0.16,6,2861.0,182.96138826511367,161.7412916003262,193.85596564897543,12.383831931556568,160175,34,2.122678320586858,0.0,1.0,0.1713820629028829,0.8938492063492063,0.136099486808621,0.1509433962264151,0.1233985731269429,0.2685841207333325,1.0,0.0,0.4673843653739553,0.136099486808621,0.8490566037735849,0.1233985731269429,0.7314158792666674,51.84909018367119,17,1.0,0.0,0.5789473684210527,0.6842105263157895,0.6842105263157895,0.4736842105263158,0.8421052631578947,0.1578947368421053,1.0,0.0,0.631578947368421,0.6842105263157895,0.4736842105263158,0.8421052631578947,0.1578947368421053,54.13533834586467,8,46.39495404754814,57.61157436123118,52.2191078333955,18,17,19,0,15.8,17,Baja,Baja,Educación,Infraestructura,1.0,0.8491,47.24792726213959,17,Baja,23.930140675200605,21.61,72.96,51.35,18.02,0.05,1.0,0.0,0.3684210526315789,0.6842105263157895,0.631578947368421,0.1052631578947368,0.1578947368421052,47.24792726213959,42.10526315789473,40.97163840960311,53.065938920380475,46.697994628984866,17,14,20,16,18,17.0,0,17,3120000.0,312.0,16.89,372.92,3729.2,25.98,02
3,SANTA FE,1100103,37.92,107851,52530,55321,11507,8045,7098,17173,66839,14362,14,194,8,1420,58.2,255,8.73,2024-2025,Secretaría Distrital de Salud (SaluData) / REPS,262.4,3.8,18.2,65.0,54200,51600,95.2,16,12025.0,1,3,6,3200,33,8,3364.0,Seguridad y cultura,SANTA FE,26081,1,1,12758,1,1652,1,1,469,1,1,1,99.8,99.6,12.5,0.3,EAAB - ESP,0.85,Sin Riesgo (Apta),120,14500,97.9,174,36.5,68.2,65.0,14,4820,84.1,Ruido y espacio público,Aseo y basuras,Seguridad y convivencia,38,4950,390,88.4,22.0,48.0,52.0,15.0,34.0,A pie / Auto / SITP,1950000,48.2,11.4,351000,67928258674.0,62962890763.0,57665466719.0,2844.17194092827,131.66312783377066,17.987779436444725,0.7417641004719474,382.38,1344.45,0.0,1182.93,0.09,2418.24,153.17,296.71,3.06,31191.0,0.4784378448044061,478438.0,111496.0,583795.0,62962.89,1204920.0,35.2337947724175,446.9128705343483,45.13440463767167,0.0802318165341779,Santa Fe,107851,17173,16,9,10144,78,78,51,527.51,7.23,9059,1085,497.8566717959992,557.4851615739723,10.695977917981072,14,194,0.3099357941681901,4.294824576330635,99,15,8,2.191688830189345,0.74,6,10102.666666666666,969.4306153194726,951.9453821926334,984.27248166731,14.04938176705927,113327,29,2.5589665304825857,0.2135619129510536,0.2458471760797342,0.2243262334406296,0.892361111111111,0.1138644870562019,0.6981132075471698,0.7870283535088392,0.3237880035377543,0.7864380870489464,0.7541528239202657,0.4416563277241296,0.1138644870562019,0.3018867924528302,0.7870283535088392,0.6762119964622457,66.68574308574154,2,0.736842105263158,0.3157894736842105,0.4736842105263158,0.8947368421052632,0.631578947368421,0.1052631578947368,0.9473684210526316,0.0526315789473684,0.736842105263158,0.3157894736842105,0.6842105263157895,0.631578947368421,0.1052631578947368,0.9473684210526316,0.0526315789473684,49.62406015037594,14,70.88435606395977,61.740512170415904,65.78980156121267,1,15,13,2,9.0,8,Media-alta,Media,Vulnerabilidad,Educación,0.787,0.7864,55.16055525962084,14,Media,46.92628263344887,37.64,70.4,32.76,17.99,0.09,0.7368421052631579,0.3157894736842105,0.3157894736842105,0.631578947368421,0.0526315789473684,1.0,0.0526315789473684,55.160555259620835,44.3609022556391,59.32253459534381,51.23684191107699,55.44647444423578,14,13,11,17,14,13.8,0,14,3850000.0,385.0,35.7,458.97,4589.7,36.16,03
4,SAN CRISTOBAL,1100104,49.09,411570,197892,213678,39700,31760,32111,69823,245961,62038,3,408,7,420,12.1,75,1.81,2024-2025,Secretaría Distrital de Salud (SaluData) / REPS,248.5,4.2,24.5,42.5,98400,92100,93.6,30,27750.0,1,8,6,7500,79,19,7989.5,Malla vial y espacio público,SAN CRISTOBAL,78989,1,1,51583,1,5144,1,1,698,1,1,1,99.4,98.9,11.2,0.8,EAAB - ESP,0.85,Sin Riesgo (Apta),120,26800,96.5,321,36.5,52.4,65.0,14,7150,79.5,Malla vial y huecos,Aseo y basuras,Seguridad y convivencia,64,4120,240,58.2,22.0,18.5,81.5,56.2,68.0,SITP / TransMilenio,1520000,54.8,13.2,273600,314495684173.0,292819514698.0,270410060358.0,8383.98859238134,10.20482542459363,9.913258983890955,0.1700804237432271,545.94,651.17,0.0,1253.32,0.02,1919.21,124.98,182.23,1.92,19412.0,0.2237772432393031,223777.0,67425.0,711470.0,292819.51,1022084.0,15.55021017080934,173.72500425201062,49.0592174590248,0.0801063765633065,San Cristóbal,411570,69823,63,35,53625,31,31,22,691.94,0.75,48313,5312,678.658219668769,753.276489345264,9.905827505827505,3,408,0.0611016025929633,8.309817952643012,16,6,6,0.3258752138291377,0.17,6,3554.1666666666665,92.3272162232878,91.4564040387148,92.87394118504028,0.5969670272483861,393880,31,0.787041738600589,0.3117472487445438,0.0066445182724252,0.0442242962083546,0.4915674603174603,0.0134043032739819,0.160377358490566,0.553185726160494,0.0995849966018545,0.6882527512554562,0.9933554817275748,0.7321041217370925,0.0134043032739819,0.839622641509434,0.553185726160494,0.9004150033981455,64.56504600337144,5,0.4736842105263158,0.8421052631578947,0.7894736842105263,0.7894736842105263,0.1578947368421052,0.631578947368421,0.631578947368421,0.368421052631579,0.4736842105263158,0.8421052631578947,0.7894736842105263,0.1578947368421052,0.631578947368421,0.631578947368421,0.368421052631579,55.63909774436091,5,60.75886410471726,73.96580032494181,71.27853291087088,5,5,5,5,5.0,4,Alta,Alta,Salud,Seguridad,0.9934,0.9004,67.43342898660255,5,Alta,46.304935253852,42.62,84.34,41.72,9.91,0.02,0.4736842105263157,0.8421052631578947,0.6842105263157895,0.1578947368421052,0.5,0.7368421052631579,0.3684210526315789,67.43342898660255,53.75939849624059,64.67862312587907,69.45257171502807,66.55063322784501,5,10,5,8,9,7.4,2,9,2410000.0,241.0,5.86,100.1,1001.0,5.83,04
5,USME,1100105,69.13,422489,209923,212566,46190,36134,36601,79421,249709,53855,2,327,7,280,8.4,50,1.26,2024-2025,Secretaría Distrital de Salud (SaluData) / REPS,242.1,4.9,24.5,42.5,112500,104200,92.62,35,27750.0,1,8,6,7500,79,19,7989.5,Malla vial y espacio público,USME,93579,1,1,64331,1,4900,1,1,89,1,1,1,97.5,94.2,10.5,2.1,EAAB - ESP,2.1,Sin Riesgo (Apta),120,22100,94.2,265,58.0,41.5,25.0,14,8920,76.2,Malla vial y huecos,Aseo y basuras,Seguridad y convivencia,58,3210,180,52.4,22.0,14.2,85.8,62.4,82.0,SITP / TransMilenio,1380000,59.2,14.5,248400,439111388537.0,411372868865.0,379902031054.0,6111.514537827283,6.62739148238179,7.7398464812101615,0.1656847870595447,319.69,523.09,0.0,1522.67,0.02,2214.95,115.98,177.52,1.87,18911.0,0.2466336401657794,246634.0,65682.0,973689.0,411372.87,1304916.0,13.728168070647992,211.12975722444847,214.89509952726937,0.0797832150696317,Usme,422489,79421,73,51,74680,24,24,14,903.38,0.57,71747,2933,898.1285598047193,934.8438380171496,3.927423674343867,2,327,0.0092994411696438,1.520458631236774,116,24,7,0.5393675878393449,0.17,6,1975.5,54.344107473166304,53.55103719618784,55.038021501814825,0.6643734020646401,401629,22,0.5477692098927119,0.4380034513850324,0.0,0.0067307766638817,0.3839285714285714,0.0248992794822739,0.160377358490566,0.659382937582484,0.0693096594886555,0.5619965486149676,1.0,0.8046703259537734,0.0248992794822739,0.839622641509434,0.659382937582484,0.9306903405113444,65.59389772849148,3,0.1578947368421053,0.9473684210526316,0.9473684210526316,0.9473684210526316,0.2631578947368421,0.5263157894736843,0.4210526315789473,0.8421052631578947,0.1578947368421053,0.9473684210526316,0.9473684210526316,0.2631578947368421,0.5263157894736843,0.4210526315789473,0.8421052631578947,58.64661654135338,1,62.28171796284632,75.80268880715732,73.86983130411627,3,2,2,5,2.2,1,Alta,Alta,Salud,Seguridad,1.0,0.9307,68.87517248077539,3,Alta,49.84705351414963,44.35,86.0,41.65,7.74,0.02,0.1578947368421052,1.0,0.9473684210526316,0.2631578947368421,0.5,0.8947368421052632,0.8421052631578947,68.87517248077539,65.78947368421052,66.36065720241405,69.36465226786322,66.44512989124718,3,2,3,9,10,5.4,3,4,1820000.0,182.0,4.31,75.98,759.8,4.26,05
6,TUNJUELITO,1100106,23.6,186127,92882,93245,19578,13330,12998,29068,111348,28873,4,192,3,380,14.5,68,2.17,2024-2025,Secretaría Distrital de Salud (SaluData) / REPS,256.4,3.4,24.5,65.0,71300,68500,96.07,22,12025.0,1,3,6,3200,33,8,3364.0,Seguridad y cultura,TUNJUELITO,29278,1,1,18434,1,2474,1,1,113,1,1,1,99.8,99.5,12.0,0.4,EAAB - ESP,0.85,Sin Riesgo (Apta),120,18900,98.4,226,36.5,64.2,65.0,14,5640,82.4,Ruido y espacio público,Aseo y basuras,Seguridad y convivencia,34,3850,260,56.8,22.0,22.1,77.9,48.5,58.0,A pie / Auto / SITP,1680000,49.5,11.8,302400,184687407861.0,177153009696.0,168040786057.0,7886.737288135593,20.416167455554543,10.31553724070124,0.1611802693859569,800.85,1015.44,0.0,990.4,0.05,1573.01,132.92,171.93,1.77,18074.0,0.3680282817646016,368028.0,64606.0,951786.0,177153.01,1402494.0,18.26709719707512,303.018906445599,9.903029657484176,0.0798116655592514,Tunjuelito,186127,29068,23,12,31433,33,33,25,1039.29,1.77,30210,1223,1054.9657773432043,1097.6742561810308,3.890815385104826,4,192,0.4035944222743045,19.37253226916662,71,19,2,7.163800995368906,0.16,6,1063.8333333333333,62.006551884709246,61.39114766216965,62.525565359668086,0.4432665213811763,174699,13,0.7441370585979313,0.5191587696827472,0.044296788482835,0.2921147485705083,0.5119047619047619,0.3815757404847004,0.1509433962264151,0.4291924806949817,0.0941562344375182,0.4808412303172528,0.955703211517165,0.597990244762365,0.3815757404847004,0.8490566037735849,0.4291924806949817,0.9058437655624818,62.86310043519442,8,0.1052631578947368,0.6842105263157895,0.368421052631579,0.368421052631579,0.8421052631578947,0.8421052631578947,0.5789473684210527,0.4210526315789473,0.1052631578947368,0.6842105263157895,0.368421052631579,0.8421052631578947,0.8421052631578947,0.5789473684210527,0.4210526315789473,54.88721804511278,7,58.24850262603994,72.48834321132553,68.87587439556636,10,7,7,0,7.8,7,Media-alta,Baja,Salud,Seguridad,0.9557,0.9058,65.71718967303617,7,Media-alta,61.90911792804364,50.54,81.6,31.05,10.32,0.05,0.1052631578947368,0.7368421052631579,0.4210526315789473,0.8421052631578947,0.631578947368421,0.5789473684210527,0.4210526315789473,65.71718967303617,53.38345864661653,62.51911122231578,69.51684660695916,66.43908385287929,7,12,6,7,11,8.6,0,10,1910000.0,191.0,10.26,206.85,2068.5,13.97,06
7,BOSA,1100107,23.93,737647,355056,382591,56160,61274,62559,133655,467015,90639,5,485,11,310,6.8,55,1.02,2024-2025,Secretaría Distrital de Salud (SaluData) / REPS,251.2,3.9,24.5,65.0,138900,131200,94.46,43,46250.0,1,8,14,12500,134,32,13456.0,Malla vial y espacio público,BOSA,133673,1,1,95656,1,8107,1,1,143,1,1,1,99.6,99.1,11.8,0.6,EAAB - ESP,0.85,Sin Riesgo (Apta),120,34100,96.8,409,36.5,56.8,65.0,14,14200,78.9,Malla vial y huecos,Aseo y basuras,Seguridad y convivencia,92,8450,520,64.2,14.2,16.8,83.2,58.4,76.0,SITP / TransMilenio,1540000,52.4,12.8,277200,656400101161.67,636534232652.67,610200517768.67,30825.198495612203,4.202552169262534,6.574960651910739,0.1491228189093157,1424.99,462.28,0.0,1296.77,0.01,1812.15,109.9,169.46,1.82,18242.0,0.1778628530991111,177863.0,62699.0,862925.0,636534.23,1121729.0,12.472090308779132,192.50400259202573,23.914153282176187,0.0795665001308653,Bosa,737647,133655,63,43,115600,46,46,22,834.16,0.62,111490,4110,739.4461946609185,766.7053556624109,3.5553633217993075,5,485,0.2089148470381812,20.26474016270357,50,12,11,2.089148470381812,0.15,6,1933.8333333333333,27.916847784610425,27.41788535816484,28.265918751917265,0.3347071864424989,773327,51,0.659488159601307,0.3966704285569269,0.0018456995201181,0.1512089975656977,0.3258928571428571,0.1083434514602375,0.1415094339622641,0.5527349700753743,0.0834455441329376,0.6033295714430731,0.998154300479882,0.7614490726457226,0.1083434514602375,0.8584905660377359,0.5527349700753743,0.9165544558670624,61.0471778121596,10,0.368421052631579,1.0,0.631578947368421,0.2631578947368421,0.5789473684210527,0.6842105263157895,0.1052631578947368,0.6842105263157895,0.368421052631579,1.0,0.4473684210526316,0.5789473684210527,0.6842105263157895,0.1052631578947368,0.6842105263157895,55.26315789473684,6,56.53326913616098,70.94107845744318,67.50316817530155,11,9,10,0,9.2,9,Media-alta,Baja,Salud,Seguridad,0.9982,0.9166,68.55794840012983,4,Alta,58.22649769861346,46.76,84.84,38.09,6.57,0.01,0.2105263157894736,0.9473684210526316,0.7894736842105263,0.5789473684210527,0.7368421052631579,0.6842105263157895,0.6842105263157895,68.55794840012983,66.1654135338346,65.67609703285586,70.77202363222855,67.75661703791955,4,1,4,5,4,3.6,5,2,1650000.0,165.0,2.24,114.55,1145.5,7.05,07
8,KENNEDY,1100108,38.59,1041286,506349,534937,48145,76413,79664,166375,671129,165935,10,926,13,1450,19.8,261,2.97,2024-2025,Secretaría Distrital de Salud (SaluData) / REPS,258.4,3.5,24.5,65.0,175400,166800,95.1,54,46250.0,1,8,14,12500,134,32,13456.0,Seguridad y cultura,KENNEDY,121075,1,1,79030,1,11872,1,1,225,1,1,1,99.7,99.4,12.4,0.5,EAAB - ESP,0.85,Sin Riesgo (Apta),120,45600,97.5,547,36.5,65.4,65.0,14,18900,80.2,Malla vial y huecos,Aseo y basuras,Seguridad y convivencia,145,12800,890,78.5,14.2,24.5,75.5,49.2,64.0,SITP / TransMilenio,1720000,47.8,11.9,309600,423314241757.14,395817312502.14,362686607974.14,26983.311738792432,13.925088784445387,8.89284980303202,0.1248456235846827,1181.65,437.92,0.0,758.97,0.01,1162.74,114.01,120.04,1.29,12922.0,0.1601865385686545,160187.0,44416.0,380124.0,395817.31,597649.0,13.925088784445387,181.50632967311572,38.55896184033796,0.0797413405848516,Kennedy,1041286,166375,75,47,110581,193,193,126,635.82,1.85,105784,4797,559.088410638028,584.4414612489958,4.3379965816912485,10,926,0.2591362782876713,23.99601936943836,79,3,13,2.047176598472604,0.12,6,4535.166666666667,44.38386796477251,42.83599015515048,46.23173497345682,1.51664154897236,1104934,75,0.6787735738062183,0.2782365691560826,0.047249907715024,0.1875584116126665,0.4409722222222222,0.1060835783792873,0.1132075471698113,0.3227849592867499,0.0858857424272191,0.7217634308439174,0.952750092284976,0.6857346830825556,0.1060835783792873,0.8867924528301887,0.3227849592867499,0.9141142575727808,60.50418846573875,12,0.631578947368421,0.736842105263158,0.5263157894736843,0.0526315789473684,0.5263157894736842,0.7894736842105263,0.3684210526315789,0.631578947368421,0.631578947368421,0.736842105263158,0.2894736842105264,0.5263157894736842,0.7894736842105263,0.3684210526315789,0.631578947368421,56.766917293233085,3,55.54822021492044,70.03161898989046,65.98994319373882,13,10,11,1,9.8,10,Media-alta,Baja,Salud,Seguridad,0.9528,0.9141,65.57176363257794,8,Media-alta,54.23826159821847,40.31,83.49,43.18,8.89,0.01,0.5263157894736842,0.6842105263157895,0.631578947368421,0.5263157894736842,0.8157894736842105,0.4736842105263157,0.631578947368421,65.57176363257794,61.278195488721806,61.72051669083779,71.12064158322843,67.60892084327035,8,5,8,4,5,6.0,3,5,3250000.0,325.0,3.12,122.92,1229.2,8.55,08
9,FONTIBON,1100109,35.88,411638,191220,220418,25327,25300,26682,55875,262247,72082,2,388,5,890,24.5,160,3.67,2024-2025,Secretaría Distrital de Salud (SaluData) / REPS,282.5,2.4,18.2,65.0,88200,84600,95.92,27,12025.0,1,3,6,3200,33,8,3364.0,Seguridad y cultura,FONTIBON,28504,1,1,14808,1,3825,1,1,173,1,1,1,99.9,99.7,13.5,0.2,EAAB - ESP,0.45,Sin Riesgo (Apta),120,28900,98.9,346,36.5,82.1,120.5,8,8210,89.4,Ruido y espacio público,Aseo y basuras,Seguridad y convivencia,24,4980,340,51.2,22.0,44.2,55.8,28.5,40.0,A pie / Auto / SITP,2450000,32.4,8.8,441000,148337770077.0,140720275609.0,132252998603.0,11472.63099219621,21.620938786020726,9.425757583119148,0.1214659482360715,805.46,702.07,0.0,359.73,0.02,692.45,92.92,77.74,0.8,8172.0,0.2055203844154329,205520.0,29213.0,341854.0,140720.28,584759.0,5.830365515331432,199.4470870036294,33.25444672778032,0.0797925654630825,Fontibón,411638,55875,21,12,28990,137,137,104,465.72,3.33,26022,2968,466.0601067449941,519.2176809829136,10.238013107968264,2,388,0.0600943436241655,11.65830266308812,14,1,5,0.4206604053691589,0.12,6,1207.1666666666667,32.99533360500584,32.63617930510789,33.308066416948385,0.2781053883930113,384256,23,0.5985592938041305,0.1766655321283342,0.1018826135105205,0.0434952593729154,0.4677579365079365,0.0185077807480712,0.1132075471698113,0.1449566261815552,0.0757361678752626,0.8233344678716659,0.8981173864894795,0.744373402059574,0.0185077807480712,0.8867924528301887,0.1449566261815552,0.9242638321247374,63.14994990349015,7,0.7894736842105263,0.5263157894736843,0.8421052631578947,0.5789473684210527,0.2105263157894736,0.736842105263158,0.2105263157894736,0.7894736842105263,0.7894736842105263,0.5263157894736843,0.7105263157894737,0.2105263157894736,0.736842105263158,0.2105263157894736,0.7894736842105263,56.766917293233085,3,58.79988047906525,73.30920187918251,70.1209689650111,9,6,6,1,6.2,6,Media-alta,Baja,Seguridad,Salud,0.9243,0.8981,63.43351354721817,10,Media-alta,40.48015708256864,32.55,82.99,50.45,9.43,0.02,0.7894736842105263,0.5263157894736842,0.7368421052631579,0.2105263157894736,0.8157894736842105,0.2631578947368421,0.7894736842105263,63.43351354721817,59.02255639097744,59.22589159125139,71.58982203539527,68.17193738587056,10,8,12,3,3,7.2,2,8,2150000.0,215.0,5.22,120.98,1209.8,8.26,09
10,ENGATIVA,1100110,35.88,822369,390495,431874,35593,51372,54431,112734,525703,155270,12,784,13,1120,18.2,201,2.73,2024-2025,Secretaría Distrital de Salud (SaluData) / REPS,274.1,2.6,18.2,65.0,124500,119800,96.22,38,27750.0,1,3,6,7500,79,19,7989.5,Seguridad y cultura,ENGATIVA,72162,1,1,48721,1,7953,1,1,256,1,1,1,99.9,99.7,13.1,0.3,EAAB - ESP,0.85,Sin Riesgo (Apta),120,43200,98.7,518,36.5,78.4,65.0,8,14500,86.8,Malla vial y huecos,Aseo y basuras,Seguridad y convivencia,68,9210,580,61.4,14.2,31.2,68.8,42.1,54.0,A pie / Auto / SITP,2150000,36.8,9.4,387000,390116370396.33,368681770344.33,333030440393.33,22919.98327759197,13.619190412089951,9.533433288462964,0.1580798887117583,1204.01,525.31,0.0,592.45,0.01,877.49,96.71,91.2,0.96,9715.0,0.145676697443605,145677.0,33744.0,448317.0,368681.77,637453.0,8.268794178768898,176.3198758708074,35.85229503035833,0.0799095420631908,Engativá,822369,112734,69,37,67938,172,172,124,567.39,2.09,63964,3974,522.2659503241505,554.7136535101328,5.84945097000206,12,784,0.3344391438483758,21.85002406476055,38,9,13,1.05905728885319,0.16,6,2684.0,33.8245850837291,32.38613018817283,35.64352492557672,1.2304926393884703,828873,35,0.4222601049859267,0.2373752754241083,0.0561092654115909,0.2420613393685749,0.4727182539682539,0.0528807040017414,0.1509433962264151,0.2468616743859067,0.0534288958993346,0.7626247245758917,0.943890734588409,0.6426102033315856,0.0528807040017414,0.8490566037735849,0.2468616743859067,0.9465711041006654,59.82609724170832,13,0.6842105263157895,0.631578947368421,0.4210526315789473,0.1052631578947368,0.3684210526315789,0.5789473684210527,0.2631578947368421,0.9473684210526316,0.6842105263157895,0.631578947368421,0.2631578947368421,0.3684210526315789,0.5789473684210527,0.2631578947368421,0.9473684210526316,53.38345864661653,10,55.29068772893698,69.41747629256587,65.89326068741177,14,11,12,0,12.0,13,Media,Baja,Seguridad,Salud,0.9466,0.9439,63.49279641082549,9,Media-alta,47.57799074574163,36.23,82.62,46.39,9.53,0.01,0.6842105263157895,0.631578947368421,0.5263157894736842,0.3684210526315789,0.631578947368421,0.4210526315789473,0.9473684210526316,63.49279641082549,60.150375939849624,59.923985749736666,69.96056790619797,66.97154941196587,9,6,9,6,6,7.2,0,7,3620000.0,362.0,4.4,111.99,1119.9,7.05,10
11,SUBA,1100111,100.56,1332958,629285,703673,76965,90195,91605,193609,837814,236379,13,844,12,1340,15.4,241,2.31,2024-2025,Secretaría Distrital de Salud (SaluData) / REPS,289.4,2.2,18.2,65.0,168700,161400,95.67,52,46250.0,1,3,14,12500,134,32,13456.0,Seguridad y cultura,SUBA,100911,1,1,70747,1,9166,1,1,133,1,1,1,99.8,99.6,13.9,0.4,EAAB - ESP,0.85,Sin Riesgo (Apta),120,48900,98.6,586,36.5,86.2,120.5,8,19800,87.5,Malla vial y huecos,Aseo y basuras,Seguridad y convivencia,74,11400,710,59.8,14.2,36.4,63.6,38.5,58.0,A pie / Auto / SITP,2850000,31.2,8.9,513000,472630343888.0,453423488761.0,430001091867.0,13255.350039777248,10.052829871608855,6.331782396744684,0.0900253421338106,486.28,366.85,0.0,530.75,0.01,757.05,68.76,93.78,1.01,10095.0,0.1210840851699753,121084.0,34697.0,340163.0,453423.49,506039.0,5.551562764918325,148.5418145207876,100.47996819111496,0.0800607961838105,Suba,1332958,193609,69,32,79270,312,312,220,392.07,2.34,75909,3361,388.98568251463007,406.2086847796009,4.239939447458055,13,845,0.1292754399741611,8.402903598320474,15,5,10,0.1491639692009551,0.09,6,2747.6666666666665,23.7911540171762,22.42790903690059,25.364087785941383,1.433632511615664,1252218,79,0.6308805655245333,0.1326872436092649,0.0653377630121816,0.093567355147262,0.3139880952380952,0.0038897172745704,0.0849056603773584,0.2168836556788144,0.0798258032485619,0.867312756390735,0.9346622369878184,0.7962222748073213,0.0038897172745704,0.9150943396226416,0.2168836556788144,0.920174196751438,64.72474074340494,4,0.8421052631578947,0.5789473684210527,0.736842105263158,0.736842105263158,0.1052631578947368,0.9473684210526316,0.0526315789473684,0.736842105263158,0.8421052631578947,0.5789473684210527,0.736842105263158,0.1052631578947368,0.9473684210526316,0.0526315789473684,0.736842105263158,57.14285714285714,2,59.94900584810448,75.3007113227269,71.68502356423072,7,3,4,4,4.0,3,Alta,Alta,Salud,Seguridad,0.9347,0.9202,66.4891311073334,6,Media-alta,39.57931151363682,35.63,85.69,50.05,6.33,0.01,0.8421052631578947,0.5789473684210527,0.8947368421052632,0.1052631578947368,0.8947368421052632,0.3157894736842105,0.7368421052631579,66.4891311073334,62.40601503759399,62.319080631511625,73.95592536390873,70.44522364423767,6,4,7,2,2,4.2,3,3,4250000.0,425.0,3.19,85.52,855.2,5.33,11
12,BARRIOS UNIDOS,1100112,11.9,159163,79870,79293,12050,8183,8261,18112,99839,30830,13,234,10,1240,48.5,223,7.27,2024-2025,Secretaría Distrital de Salud (SaluData) / REPS,284.2,2.3,18.2,65.0,64500,62100,96.28,20,12025.0,1,3,6,3200,33,8,3364.0,Seguridad y cultura,BARRIOS UNIDOS,10572,1,1,3966,1,1422,1,1,114,1,1,1,99.9,99.8,13.4,0.2,EAAB - ESP,0.85,Sin Riesgo (Apta),120,19800,99.2,237,36.5,84.5,120.5,8,6420,92.1,Ruido y espacio público,Aseo y basuras,Seguridad y convivencia,16,3820,290,49.5,22.0,46.2,53.8,24.1,36.0,A pie / Auto / SITP,2650000,28.5,8.2,477000,84784335428.33,79086186962.33,72953636358.33,13375.042016806725,77.90755389129383,14.70190936335706,0.628286724929789,1663.87,1244.01,0.0,249.18,0.06,664.22,89.34,201.05,2.07,21136.0,0.3901660561813989,390166.0,75551.0,496888.0,79086.19,983741.0,10.052587598876624,403.3600774049245,11.893917109313737,0.0800700384596677,Barrios Unidos,159163,18112,23,9,11499,210,210,180,622.35,13.19,11272,227,674.0820476019614,687.6569788302834,1.9740847030176536,13,234,1.0921205163628156,19.65816929453068,43,13,10,3.612398631046237,0.63,6,793.8333333333334,59.47090204582562,55.7920681156173,64.05848232972554,3.332863024694002,134573,16,1.188945776641674,0.2701932895043262,0.4658545588778147,0.7904581739466938,0.7291666666666666,0.1903591414224345,0.5943396226415094,0.1046537621739375,0.1504382236921453,0.7298067104956738,0.5341454411221853,0.2401875796933197,0.1903591414224345,0.4056603773584906,0.1046537621739375,0.8495617763078547,43.709683720172606,20,0.5263157894736843,0.1052631578947368,0.0526315789473684,0.3157894736842105,0.7368421052631579,0.0526315789473684,0.4736842105263157,0.3157894736842105,0.5263157894736843,0.1052631578947368,0.1842105263157895,0.7368421052631579,0.0526315789473684,0.4736842105263157,0.3157894736842105,34.21052631578948,19,44.53372991424644,50.18518550301653,52.46914129247392,20,19,17,0,19.0,20,Baja,Baja,Seguridad,Educación,0.8496,0.7298,43.63392555105566,19,Baja,35.275718971382666,25.61,62.08,36.47,14.7,0.06,0.631578947368421,0.1052631578947368,0.0526315789473684,0.7368421052631579,0.1052631578947368,0.0526315789473684,0.3157894736842105,43.63392555105566,28.571428571428566,44.14524018692343,49.162017106665985,50.88121298082936,19,20,19,18,17,18.6,0,19,1850000.0,185.0,11.62,240.01,2400.1,18.22,12
13,TEUSAQUILLO,1100113,14.19,164384,66645,97739,9264,7322,7027,16087,105772,34999,13,271,4,1650,62.4,297,9.36,2024-2025,Secretaría Distrital de Salud (SaluData) / REPS,304.5,1.5,18.2,65.0,61200,59100,96.57,19,12025.0,1,3,6,3200,33,8,3364.0,Seguridad y cultura,TEUSAQUILLO,3980,1,1,706,1,725,1,1,166,1,1,1,99.9,99.8,13.6,0.1,EAAB - ESP,0.45,Sin Riesgo (Apta),120,23400,99.3,280,36.5,91.8,120.5,8,6120,94.2,Ruido y espacio público,Aseo y basuras,Seguridad y convivencia,9,3450,260,44.1,8.5,54.8,45.2,14.2,30.0,A pie / Auto / SITP,3850000,20.4,7.1,693000,21488226342.0,20586754911.0,18867474771.0,11584.496124031008,100.37473233404712,16.485789371228343,0.2433326844461748,1649.05,1423.5,0.0,42.95,0.06,242.12,44.1,194.67,2.01,20464.0,0.3595240412692232,359524.0,73152.0,125236.0,20586.75,578376.0,5.474985400038934,372.2990072026475,14.181810212886976,0.0800238153325792,Teusaquillo,164384,16087,3,2,2977,270,270,224,171.44,16.42,2758,219,174.8779405237461,188.7641874326295,7.3563990594558275,13,271,0.915933629700047,19.09369335759329,54,8,4,3.804647384907888,0.24,6,1801.6666666666667,124.43868462979688,123.24472282157096,126.28190005689623,1.216912691111372,154663,20,1.2931341044723044,0.0009434581922624,0.5850867478774456,0.6629371150358854,0.8179563492063491,0.2007103067132744,0.2264150943396226,0.0341684088093036,0.1636212529574225,0.9990565418077376,0.4149132521225543,0.2595532678788828,0.2007103067132744,0.7735849056603774,0.0341684088093036,0.8363787470425774,52.74717618888653,16,0.9473684210526316,0.0526315789473684,0.1578947368421053,0.4210526315789473,0.7894736842105263,0.2631578947368421,0.7368421052631579,0.2631578947368421,0.9473684210526316,0.0526315789473684,0.2894736842105263,0.7894736842105263,0.2631578947368421,0.7368421052631579,0.2631578947368421,47.74436090225564,15,48.434099024724,59.640127286517405,55.84302490904855,17,16,15,0,15.8,16,Baja,Baja,Educación,Seguridad,0.9991,0.8364,50.26236328621011,16,Baja,34.519976912262926,26.75,73.48,46.74,16.49,0.06,0.9473684210526316,0.0526315789473684,0.1052631578947368,0.7894736842105263,0.2631578947368421,0.0,0.2631578947368421,50.26236328621011,34.58646616541353,45.746342072905506,58.06995035375674,54.21224231130053,16,17,18,15,16,16.4,0,16,4520000.0,452.0,27.5,209.87,2098.7,15.82,13
14,LOS MARTIRES,1100114,6.51,82827,33146,49681,6581,5659,5056,12240,54118,11413,9,167,4,980,52.1,176,7.81,2024-2025,Secretaría Distrital de Salud (SaluData) / REPS,255.4,3.6,24.5,65.0,56800,53900,94.89,17,12025.0,1,3,6,3200,33,8,3364.0,Seguridad y cultura,LOS MARTIRES,24810,1,1,5686,1,4566,1,1,5464,1,1,1,99.8,99.5,12.8,0.3,EAAB - ESP,0.85,Sin Riesgo (Apta),120,15200,97.8,182,36.5,63.4,65.0,14,4950,81.5,Ruido y espacio público,Aseo y basuras,Seguridad y convivencia,48,4820,410,94.2,22.0,42.1,57.9,22.0,38.0,A pie / Auto / SITP,1780000,51.2,12.1,320400,72218696371.0,67206913688.0,61750027674.0,12723.041474654376,118.31890567085613,20.162507394931605,0.4829343088606372,2334.87,1835.15,0.0,686.49,0.12,2995.4,551.27,386.35,3.98,40615.0,0.6507539811897086,650754.0,145182.0,811413.0,67206.91,1647964.0,57.95211706327647,597.6312072150386,6.508833856950295,0.0800179065697193,Los Mártires,82827,12240,14,8,11052,34,34,33,706.21,4.1,8644,2408,742.0379431710876,948.7509657481328,21.787911690191823,9,167,1.381629733689698,25.63690728068661,7,3,4,1.0746009039808762,0.48,6,3454.5,471.2410768660372,466.8258015515651,474.69212824825047,2.68337498869091,75373,16,2.122776060392979,0.3202682287468128,0.1303063861203396,1.0,1.0,0.0537176120501528,0.4528301886792452,0.419891939185769,0.2685964878261855,0.6797317712531872,0.8696936138796604,0.0,0.0537176120501528,0.5471698113207548,0.419891939185769,0.7314035121738145,50.04620489136576,19,0.3157894736842105,0.4210526315789473,0.0,0.0,0.4210526315789473,0.1578947368421053,0.8947368421052632,0.1052631578947368,0.3157894736842105,0.4210526315789473,0.0,0.4210526315789473,0.1578947368421053,0.8947368421052632,0.1052631578947368,33.0827067669173,20,49.04082341891554,50.67690953168072,49.59659269280346,16,18,20,0,18.6,19,Baja,Baja,Salud,Seguridad,0.8697,0.7314,47.16583228376198,18,Baja,24.423711655848106,24.78,68.13,43.35,20.16,0.12,0.4210526315789473,0.4210526315789473,0.0,0.4210526315789473,0.1578947368421052,0.5263157894736842,0.1052631578947368,47.16583228376198,29.32330827067669,45.90730747570973,48.028605344626165,46.690930187136296,18,19,17,19,19,18.4,0,18,410000.0,41.0,4.95,581.94,5819.4,49.5,14
15,ANTONIO NARINO,1100115,6.59,86119,39523,46596,10307,4955,5505,11638,50600,14752,5,92,3,640,28.5,115,4.27,2024-2025,Secretaría Distrital de Salud (SaluData) / REPS,268.2,2.9,18.2,65.0,58900,56400,95.76,18,12025.0,1,3,6,3200,33,8,3364.0,Seguridad y cultura,ANTONIO NARIÑO,10314,1,1,4253,1,1582,1,1,518,1,1,1,99.9,99.7,12.6,0.2,EAAB - ESP,0.85,Sin Riesgo (Apta),120,16100,98.5,193,36.5,72.1,65.0,8,5120,85.4,Ruido y espacio público,Aseo y basuras,Seguridad y convivencia,22,2890,210,54.2,22.0,28.4,71.6,41.2,45.0,A pie / Auto / SITP,2050000,41.5,9.8,369000,59786774960.0,56608962217.0,53154394729.0,13068.133535660092,74.31577236149978,10.682892276965594,0.3483551829445303,2443.1,1869.51,0.0,493.85,0.12,1197.65,183.7,371.58,3.83,39062.0,0.6549077439357168,654908.0,139632.0,657334.0,56608.96,1490936.0,25.546046749265557,594.5261788919983,4.875642078838812,0.0799523086819659,Antonio Nariño,86119,11638,12,6,9887,69,69,57,810.96,8.01,9438,449,841.8517527428419,881.9017036838819,4.541316880752503,5,92,1.024686042121401,18.854223175033777,80,12,3,16.394976673942416,0.35,6,1366.0,172.45959779653174,164.49026923464757,176.0892050758092,4.1678795975851335,76643,15,1.9571258953850967,0.3828171183920606,0.2746400885935769,0.7416502534184289,0.5297619047619048,0.8786058816863394,0.330188679245283,0.2456130918467709,0.2476366450245342,0.6171828816079394,0.7253599114064231,0.3642939209098331,0.8786058816863394,0.6698113207547169,0.2456130918467709,0.7523633549754657,60.78271355281759,11,0.2105263157894736,0.2631578947368421,0.1052631578947368,0.4736842105263158,0.9473684210526316,0.2105263157894736,0.7894736842105263,0.2105263157894736,0.2105263157894736,0.2631578947368421,0.2894736842105263,0.9473684210526316,0.2105263157894736,0.7894736842105263,0.2105263157894736,41.72932330827067,17,59.60041169405454,68.21013517007931,68.27685726301598,8,12,8,0,11.2,12,Media,Baja,Ambiente,Seguridad,0.8786,0.7524,60.76043375982126,13,Media,56.31634849436612,44.64,72.77,28.13,10.68,0.12,0.2631578947368421,0.2105263157894736,0.2631578947368421,0.9473684210526316,0.2105263157894736,0.3684210526315789,0.2105263157894736,60.76043375982126,35.338345864661655,59.72365070721285,66.79362118901196,66.75611901172,13,16,10,12,8,11.8,0,13,820000.0,82.0,9.52,335.58,3355.8,24.38,15
16,PUENTE ARANDA,1100116,17.31,259314,129016,130298,15980,14707,16112,33278,161107,51408,15,377,6,520,18.4,93,2.76,2024-2025,Secretaría Distrital de Salud (SaluData) / REPS,272.5,2.7,18.2,65.0,82400,79200,96.12,25,12025.0,1,3,6,3200,33,8,3364.0,Seguridad y cultura,PUENTE ARANDA,19086,1,1,7633,1,2172,1,1,2664,1,1,1,99.9,99.8,13.2,0.2,EAAB - ESP,0.45,Sin Riesgo (Apta),120,27800,98.9,333,36.5,76.5,65.0,8,7450,88.9,Ruido y espacio público,Aseo y basuras,Seguridad y convivencia,28,4780,360,52.8,22.0,45.6,54.4,26.8,38.0,A pie / Auto / SITP,2350000,33.8,8.9,423000,141089530958.0,131778457284.0,121701488837.0,14980.589254766031,20.052908828678746,14.53835890079209,0.2313797172539855,1606.01,1072.06,0.0,294.35,0.04,736.02,83.76,123.4,1.27,12973.0,0.3054212267752609,305421.0,46372.0,508181.0,131778.46,872947.0,10.797720138519324,287.29648225703204,17.297316014094747,0.0799133634489223,Puente Aranda,259314,33278,32,15,21131,96,96,77,624.47,3.7,20781,350,615.8245666024596,626.1964735516373,1.6563342955846865,15,377,0.8664935636991111,21.77787156763766,10,4,6,0.5776623757994074,0.23,6,2838.5,116.93669954555308,113.59771726237382,118.343678536426,1.7096189907015291,248758,18,0.7235948190610956,0.2714591954331846,0.1155407899593946,0.6271532398084001,0.7212301587301587,0.0269611689457423,0.2169811320754717,0.1417198780152666,0.0915570090671997,0.7285408045668154,0.8844592100406053,0.3258083007307206,0.0269611689457423,0.7830188679245282,0.1417198780152666,0.9084429909328005,55.14092097954363,14,0.5789473684210527,0.4736842105263158,0.2105263157894736,0.2105263157894736,0.3157894736842105,0.3157894736842105,0.6842105263157895,0.4736842105263158,0.5789473684210527,0.4736842105263158,0.2105263157894736,0.3157894736842105,0.3157894736842105,0.6842105263157895,0.4736842105263158,43.60902255639098,16,50.985597778968895,62.55855581396379,59.05569494015813,15,13,14,0,14.4,14,Media,Baja,Seguridad,Salud,0.9084,0.8845,54.27073173080685,15,Media,35.75421874234913,28.57,75.97,47.4,14.54,0.04,0.5789473684210527,0.4736842105263157,0.1578947368421052,0.3157894736842105,0.3421052631578947,0.2105263157894736,0.4736842105263157,54.270731730806844,36.46616541353383,50.26553922053251,60.95385571902021,57.484249504333675,15,15,15,14,13,14.4,0,15,1520000.0,152.0,5.86,184.33,1843.3,13.88,16
17,LA CANDELARIA,1100117,2.06,18941,9499,9442,743,805,1129,2046,12772,3492,1,37,2,120,25.0,21,3.75,2024-2025,Secretaría Distrital de Salud (SaluData) / REPS,269.4,2.8,18.2,65.0,38500,36800,95.58,12,12025.0,1,3,6,3200,33,8,3364.0,Seguridad y cultura,LA CANDELARIA,15064,1,1,1315,1,699,1,1,349,1,1,1,99.9,99.7,12.1,0.2,EAAB - ESP,0.85,Sin Riesgo (Apta),120,6200,99.0,74,36.5,74.2,65.0,8,2150,89.5,Ruido y espacio público,Aseo y basuras,Seguridad y convivencia,8,1890,190,76.4,22.0,49.1,50.9,16.0,32.0,A pie / Auto / SITP,2100000,44.2,10.5,378000,18057308307.57,16795739772.57,15483352078.57,9194.660194174758,63.35462752758566,19.534343487672245,1.0559104587930943,3009.71,3273.32,0.01,694.26,0.53,7953.12,369.04,1689.46,17.42,177604.0,1.9428752441792936,1942875.0,634866.0,886740.0,16795.74,3642085.0,42.23641835172378,1135.1037432025764,2.058593062481186,0.0800807506423583,La Candelaria,18941,2046,3,2,3408,10,10,9,1374.88,5.28,2813,595,1572.386808272778,1904.9748462828395,17.458920187793428,1,37,0.4853796559914853,17.95904727168496,29,6,2,14.076010023753074,1.06,6,1713.6666666666667,1005.6584812338187,949.6158132441784,1029.084085844963,28.7954603378105,16449,13,7.903216000972703,0.719548095468415,0.1738648947951273,0.3513095036651095,0.96875,0.7537467779580036,1.0,0.5845000374410303,1.0,0.280451904531585,0.8261351052048727,0.3399702481674452,0.7537467779580036,0.0,0.5845000374410303,0.0,51.58957036926108,18,0.0526315789473684,0.368421052631579,0.3157894736842105,0.5263157894736843,0.8947368421052632,0.0,1.0,0.0,0.0526315789473684,0.368421052631579,0.4210526315789474,0.8947368421052632,0.0,1.0,0.0,39.09774436090226,18,60.18783209747126,43.521165430804594,52.22539851696551,6,20,18,0,16.0,18,Baja,Baja,Salud,Ambiente,0.8261,0.7537,39.78291533289909,20,Baja,15.851572815489217,18.51,62.92,44.41,19.53,0.53,0.0526315789473684,0.3684210526315789,0.2105263157894736,0.8947368421052632,0.0,0.7894736842105263,0.0,39.782915332899094,33.0827067669173,46.4134012217156,36.671733931031774,44.00608071723813,20,18,16,20,20,18.8,0,20,210000.0,21.0,11.09,997.84,9978.4,100.31,17
18,RAFAEL URIBE URIBE,1100118,33.28,393869,193062,200807,34464,29747,29720,65007,238062,61876,7,302,9,340,9.8,61,1.47,2024-2025,Secretaría Distrital de Salud (SaluData) / REPS,246.8,4.5,24.5,42.5,108600,102400,94.29,33,27750.0,1,8,6,7500,79,19,7989.5,Malla vial y espacio público,RAFAEL URIBE URIBE,70030,1,1,48347,1,4006,1,1,201,1,1,1,99.3,98.7,11.4,0.9,EAAB - ESP,0.85,Sin Riesgo (Apta),120,25400,96.9,304,36.5,54.1,65.0,14,9850,77.8,Malla vial y huecos,Aseo y basuras,Seguridad y convivencia,78,5120,310,66.5,22.0,19.4,80.6,54.8,65.0,SITP / TransMilenio,1490000,56.4,13.8,268200,344337462405.71,327172557632.71,308136951319.71,11835.006009615385,8.632311758478073,7.667523973706994,0.2285023700773607,763.22,644.88,0.0,1227.49,0.03,1778.0,101.71,190.42,2.01,20285.0,0.2599849188435749,259985.0,70455.0,830663.0,327172.56,1181388.0,19.803538740037933,250.08314947355595,13.823030443853405,0.0799067145915385,Rafael Uribe Uribe,393869,65007,50,28,52915,61,61,49,759.93,1.55,49401,3514,766.1920714684534,820.6929710279794,6.640839081545876,7,302,0.505996608948275,21.83013941462558,258,23,9,18.649589301236425,0.23,6,1161.6666666666667,31.86636278407336,29.74660098086376,34.36416781666648,1.578467474090411,373665,20,0.5352387834022453,0.352345807283736,0.0361757105943152,0.3662317020327802,0.3804563492063492,1.0,0.2169811320754717,0.523664056622413,0.0677241749860271,0.647654192716264,0.9638242894056848,0.6266559743804353,1.0,0.7830188679245282,0.523664056622413,0.9322758250139728,70.35663734970315,1,0.2631578947368421,0.7894736842105263,0.2631578947368421,0.1578947368421053,1.0,0.368421052631579,0.1578947368421052,0.8947368421052632,0.2631578947368421,0.7894736842105263,0.2105263157894737,1.0,0.368421052631579,0.1578947368421052,0.8947368421052632,52.63157894736843,11,68.73049685449982,81.73592439754688,82.06041321287161,2,1,1,4,3.2,2,Alta,Alta,Ambiente,Salud,1.0,0.9638,78.2441886580471,1,Alta,76.25367178652826,66.04,89.47,23.43,7.67,0.03,0.3157894736842105,0.7894736842105263,0.4736842105263157,1.0,0.3421052631578947,0.631578947368421,0.8947368421052632,78.2441886580471,63.533834586466156,78.23457230231283,82.5571524906814,83.40820563032713,1,3,1,1,1,1.4,5,1,1620000.0,162.0,4.11,129.99,1299.9,7.87,18
19,CIUDAD BOLIVAR,1100119,130.0,671670,336103,335567,65501,60184,58208,129435,404133,83644,2,593,14,410,7.2,73,1.08,2024-2025,Secretaría Distrital de Salud (SaluData) / REPS,239.5,5.2,24.5,42.5,164200,154800,94.28,51,46250.0,1,8,14,12500,134,32,13456.0,Malla vial y espacio público,CIUDAD BOLIVAR,152623,1,1,110521,1,8708,1,1,131,1,1,1,97.8,95.1,10.8,1.8,EAAB - ESP,2.1,Sin Riesgo (Apta),120,31200,94.8,374,58.0,44.8,25.0,14,16400,74.5,Malla vial y huecos,Aseo y basuras,Seguridad y convivencia,182,7950,480,82.1,22.0,15.1,84.9,64.2,85.0,SITP / TransMilenio,1340000,62.1,15.2,241200,586943975585.0,561512176926.0,528765349730.0,5166.692307692308,6.104188068545565,8.828740304018343,0.2084356901454583,240.0,464.51,0.0,1645.47,0.01,2272.29,129.65,186.1,2.0,20034.0,0.2304703202465496,230470.0,68858.0,835994.0,561512.18,1155356.0,27.096639718909582,244.16752274182264,129.8989774491987,0.0797027435825502,Ciudad Bolívar,671670,129435,81,48,102426,50,50,24,741.06,0.74,95919,6507,683.4904551187499,729.8574146518737,6.352879151777868,2,593,0.0153843085170542,4.5614474753065934,10,9,14,0.0769215425852713,0.21,6,2502.833333333333,40.746299033866,40.24798520026373,41.10092468840588,0.3492556480634888,690843,48,0.694803305526726,0.3410780502660193,0.0062753783684016,0.0111348997071522,0.4379960317460317,0.0,0.1981132075471698,0.7089214952478408,0.0879139967123778,0.6589219497339807,0.9937246216315984,0.775434534273408,0.0,0.8018867924528302,0.7089214952478408,0.912086003287622,64.46402533442931,6,0.4210526315789473,0.8947368421052632,0.8947368421052632,0.8421052631578947,0.0,0.4210526315789473,0.3157894736842105,0.5789473684210527,0.4210526315789473,0.8947368421052632,0.868421052631579,0.0,0.4210526315789473,0.3157894736842105,0.5789473684210527,50.0,13,61.36402456831043,74.71239093195415,73.04206313211645,4,4,3,3,6.0,5,Alta,Media,Salud,Seguridad,0.9937,0.9121,69.29964852324684,2,Alta,42.26630130110509,43.69,85.81,42.12,8.83,0.01,0.3684210526315789,0.8947368421052632,0.8421052631578947,0.0,0.4210526315789473,0.9473684210526316,0.5789473684210527,69.29964852324684,57.89473684210525,67.48481006957415,69.03423168965732,66.80334217853219,2,9,2,11,7,6.2,2,6,2650000.0,265.0,3.95,118.36,1183.6,7.15,19
20,SUMAPAZ,1100120,780.96,4021,2018,2003,392,395,400,862,2228,606,0,0,0,12,3.5,2,0.53,2024-2025,Secretaría Distrital de Salud (SaluData) / REPS,244.2,4.1,24.5,65.0,68500,63200,92.26,21,12025.0,1,3,6,3200,33,8,3364.0,Seguridad y cultura,SUMAPAZ,2024,1,1,579,1,144,1,1,0,1,1,1,82.4,68.5,9.2,4.5,Acueductos Comunitarios / Veredales,6.8,Riesgo Bajo,45,2800,88.5,33,58.0,18.2,25.0,5,680,82.0,Ruido y espacio público,Aseo y basuras,Seguridad y convivencia,2,45,8,4.2,22.0,68.5,31.5,18.2,110.0,A pie / Auto / SITP,1280000,65.4,9.2,230400,15336193785.0,17719625905.0,14998153437.0,5.148791231305061,29.843322556577967,0.0,0.0,3.59,6963.44,0.02,1439.94,2.49,5033.57,358.12,7958.22,82.07,836608.0,15.717483213131064,15717483.0,2990550.0,4406771.0,17719.63,23951412.0,49.73887092762995,1691.1216115394182,780.3494333402391,0.0793020684476239,Sumapaz,4021,862,23,2,1765,3,3,1,1844.55,7.46,1590,175,3340.3361344537816,3707.983193277311,9.91501416430595,0,0,0.0,0.0,74,9,0,0.0947541105435899,0.0,6,19.0,59.96575155855302,59.430716296528,60.567421102964616,0.5109634428691785,3385,0,0.0,1.0,0.2543373938722776,0.0,0.0,0.0009601511312241,0.0,0.6249413222711717,0.0,0.0,0.7456626061277224,1.0,0.0009601511312241,1.0,0.6249413222711717,1.0,54.00529637591003,15,0.0,0.2105263157894736,1.0,1.0,0.0526315789473684,1.0,0.5263157894736842,1.0,0.0,0.2105263157894736,1.0,0.0526315789473684,1.0,0.5263157894736842,1.0,54.13533834586466,9,46.33951243856169,62.18844038517085,54.62612846220502,19,14,16,0,14.6,15,Media,Baja,Movilidad,Seguridad,1.0,1.0,62.450915421858845,11,Media,23.578132659755504,31.43,86.99,55.56,0.0,2.49,0.0,0.2631578947368421,1.0,0.0526315789473684,1.0,0.8421052631578947,1.0,62.450915421858845,59.3984962406015,56.192734658835306,62.44371262098244,54.93245514517893,11,7,13,13,15,11.8,0,11,50000000.0,5000.0,12434.72,111.91,1119.1,19.9,20
